OMXV Value,,,OMX raw
100,,,1/1/2000
100,,,1/2/2000
100,,,1/3/2000
100.94,,,1/4/2000
101.02,,,1/5/2000
101.13,,,1/6/2000
101.65,,,1/7/2000
101.65,,,1/8/2000
101.65,,,1/9/2000
102.5,,,1/10/2000
102.94,,,1/11/2000
103.6,,,1/12/2000
103.6,,,1/13/2000
104.53,,,1/14/2000
104.53,,,1/15/2000
104.53,,,1/16/2000
104.58,,,1/17/2000
104.53,,,1/18/2000
104.69,,,1/19/2000
104.49,,,1/20/2000
104.11,,,1/21/2000
104.11,,,1/22/2000
104.11,,,1/23/2000
103.22,,,1/24/2000
103.18,,,1/25/2000
103.37,,,1/26/2000
103.12,,,1/27/2000
102.48,,,1/28/2000
102.48,,,1/29/2000
102.48,,,1/30/2000
102.1,,,1/31/2000
102.09,,,2/1/2000
102.21,,,2/2/2000
102.51,,,2/3/2000
102.53,,,2/4/2000
102.53,,,2/5/2000
102.53,,,2/6/2000
102.36,,,2/7/2000
101.46,,,2/8/2000
101.41,,,2/9/2000
101.17,,,2/10/2000
101.33,,,2/11/2000
101.33,,,2/12/2000
101.33,,,2/13/2000
101.54,,,2/14/2000
101.73,,,2/15/2000
101.73,,,2/16/2000
102.18,,,2/17/2000
102.3,,,2/18/2000
102.3,,,2/19/2000
102.3,,,2/20/2000
102.42,,,2/21/2000
102.55,,,2/22/2000
100.66,,,2/23/2000
101.12,,,2/24/2000
100.53,,,2/25/2000
100.53,,,2/26/2000
100.53,,,2/27/2000
100.51,,,2/28/2000
100.17,,,2/29/2000
100.38,,,3/1/2000
100.88,,,3/2/2000
101.48,,,3/3/2000
101.48,,,3/4/2000
101.48,,,3/5/2000
101.66,,,3/6/2000
102.14,,,3/7/2000
102.1,,,3/8/2000
102.61,,,3/9/2000
103.2,,,3/10/2000
103.2,,,3/11/2000
103.2,,,3/12/2000
103.25,,,3/13/2000
103.59,,,3/14/2000
105.04,,,3/15/2000
106.72,,,3/16/2000
105.39,,,3/17/2000
105.39,,,3/18/2000
105.39,,,3/19/2000
105.01,,,3/20/2000
103.99,,,3/21/2000
103.15,,,3/22/2000
103.25,,,3/23/2000
103.57,,,3/24/2000
103.57,,,3/25/2000
103.57,,,3/26/2000
103.22,,,3/27/2000
102.99,,,3/28/2000
102.39,,,3/29/2000
102.22,,,3/30/2000
102.34,,,3/31/2000
102.34,,,4/1/2000
102.34,,,4/2/2000
102.54,,,4/3/2000
103.19,,,4/4/2000
102.67,,,4/5/2000
102.29,,,4/6/2000
102.02,,,4/7/2000
102.02,,,4/8/2000
102.02,,,4/9/2000
101.1,,,4/10/2000
101.21,,,4/11/2000
101.52,,,4/12/2000
101.03,,,4/13/2000
100.82,,,4/14/2000
100.82,,,4/15/2000
100.82,,,4/16/2000
99.72,,,4/17/2000
99.56,,,4/18/2000
99.86,,,4/19/2000
100.16,,,4/20/2000
100.2,,,4/21/2000
100.2,,,4/22/2000
100.2,,,4/23/2000
100.2,,,4/24/2000
100.53,,,4/25/2000
100.67,,,4/26/2000
100.26,,,4/27/2000
100.76,,,4/28/2000
100.76,,,4/29/2000
100.76,,,4/30/2000
100.7,,,5/1/2000
100.99,,,5/2/2000
100.85,,,5/3/2000
101.45,,,5/4/2000
101.19,,,5/5/2000
101.19,,,5/6/2000
101.19,,,5/7/2000
101.25,,,5/8/2000
100.31,,,5/9/2000
100.52,,,5/10/2000
100.68,,,5/11/2000
100.66,,,5/12/2000
100.66,,,5/13/2000
100.66,,,5/14/2000
100.51,,,5/15/2000
100.8,,,5/16/2000
101.05,,,5/17/2000
100.78,,,5/18/2000
102.29,,,5/19/2000
102.29,,,5/20/2000
102.29,,,5/21/2000
101.85,,,5/22/2000
101.42,,,5/23/2000
101.68,,,5/24/2000
101.61,,,5/25/2000
101.52,,,5/26/2000
101.52,,,5/27/2000
101.52,,,5/28/2000
101.46,,,5/29/2000
100.6,,,5/30/2000
100.31,,,5/31/2000
99.59,,,6/1/2000
99.35,,,6/2/2000
99.35,,,6/3/2000
99.35,,,6/4/2000
99.34,,,6/5/2000
98.99,,,6/6/2000
99.18,,,6/7/2000
99.49,,,6/8/2000
99.51,,,6/9/2000
99.51,,,6/10/2000
99.51,,,6/11/2000
99.13,,,6/12/2000
98.68,,,6/13/2000
96.74,,,6/14/2000
97.06,,,6/15/2000
96.75,,,6/16/2000
96.75,,,6/17/2000
96.75,,,6/18/2000
95.9,,,6/19/2000
94.78,,,6/20/2000
93.13,,,6/21/2000
92.26,,,6/22/2000
91.32,,,6/23/2000
91.32,,,6/24/2000
91.32,,,6/25/2000
89.96,,,6/26/2000
92.29,,,6/27/2000
92.68,,,6/28/2000
92.76,,,6/29/2000
92.66,,,6/30/2000
92.33,,,7/1/2000
92.33,,,7/2/2000
92.34,,,7/3/2000
91.78,,,7/4/2000
91.85,,,7/5/2000
91.85,,,7/6/2000
91.85,,,7/7/2000
91.85,,,7/8/2000
91.85,,,7/9/2000
91.71,,,7/10/2000
91.55,,,7/11/2000
91.64,,,7/12/2000
91.79,,,7/13/2000
91.82,,,7/14/2000
91.82,,,7/15/2000
91.82,,,7/16/2000
91.74,,,7/17/2000
91.31,,,7/18/2000
91.64,,,7/19/2000
90.89,,,7/20/2000
90.52,,,7/21/2000
90.52,,,7/22/2000
90.52,,,7/23/2000
90.41,,,7/24/2000
90.38,,,7/25/2000
90.7,,,7/26/2000
91.33,,,7/27/2000
91.44,,,7/28/2000
91.44,,,7/29/2000
91.44,,,7/30/2000
90.46,,,7/31/2000
90.5,,,8/1/2000
89.43,,,8/2/2000
89.58,,,8/3/2000
89.21,,,8/4/2000
89.21,,,8/5/2000
89.21,,,8/6/2000
88.08,,,8/7/2000
86.62,,,8/8/2000
86.61,,,8/9/2000
86.42,,,8/10/2000
86.86,,,8/11/2000
87.69,,,8/12/2000
87.69,,,8/13/2000
87.69,,,8/14/2000
87.69,,,8/15/2000
86.6,,,8/16/2000
86.13,,,8/17/2000
86.05,,,8/18/2000
86.05,,,8/19/2000
86.05,,,8/20/2000
85.62,,,8/21/2000
84.84,,,8/22/2000
83.75,,,8/23/2000
84.23,,,8/24/2000
86.6,,,8/25/2000
86.6,,,8/26/2000
86.6,,,8/27/2000
87.27,,,8/28/2000
91.36,,,8/29/2000
91.9,,,8/30/2000
91.99,,,8/31/2000
91.59,,,9/1/2000
91.59,,,9/2/2000
91.59,,,9/3/2000
92.71,,,9/4/2000
93.2,,,9/5/2000
94.25,,,9/6/2000
95.81,,,9/7/2000
94.77,,,9/8/2000
94.77,,,9/9/2000
94.77,,,9/10/2000
93.55,,,9/11/2000
92.58,,,9/12/2000
93.25,,,9/13/2000
93.47,,,9/14/2000
93.56,,,9/15/2000
93.56,,,9/16/2000
93.56,,,9/17/2000
93.5,,,9/18/2000
93.4,,,9/19/2000
92.73,,,9/20/2000
92.28,,,9/21/2000
91.59,,,9/22/2000
91.59,,,9/23/2000
91.59,,,9/24/2000
92.09,,,9/25/2000
92.5,,,9/26/2000
92.64,,,9/27/2000
92.59,,,9/28/2000
92.26,,,9/29/2000
92.26,,,9/30/2000
92.26,,,10/1/2000
92.56,,,10/2/2000
91.9,,,10/3/2000
91.73,,,10/4/2000
92.21,,,10/5/2000
91.87,,,10/6/2000
91.87,,,10/7/2000
91.87,,,10/8/2000
91.33,,,10/9/2000
91.43,,,10/10/2000
90.7,,,10/11/2000
90.73,,,10/12/2000
89.2,,,10/13/2000
89.2,,,10/14/2000
89.2,,,10/15/2000
91.02,,,10/16/2000
91.27,,,10/17/2000
91.26,,,10/18/2000
91.12,,,10/19/2000
91.9,,,10/20/2000
91.9,,,10/21/2000
91.9,,,10/22/2000
90.06,,,10/23/2000
87.59,,,10/24/2000
87.74,,,10/25/2000
87.32,,,10/26/2000
89.37,,,10/27/2000
89.37,,,10/28/2000
89.37,,,10/29/2000
89.88,,,10/30/2000
89.54,,,10/31/2000
89.54,,,11/1/2000
90.32,,,11/2/2000
91.44,,,11/3/2000
91.44,,,11/4/2000
91.44,,,11/5/2000
92.7,,,11/6/2000
92.61,,,11/7/2000
92.17,,,11/8/2000
91.72,,,11/9/2000
92.17,,,11/10/2000
92.17,,,11/11/2000
92.17,,,11/12/2000
92.01,,,11/13/2000
92.27,,,11/14/2000
93.45,,,11/15/2000
94.83,,,11/16/2000
95.34,,,11/17/2000
95.34,,,11/18/2000
95.34,,,11/19/2000
95.97,,,11/20/2000
95.38,,,11/21/2000
95.34,,,11/22/2000
95.32,,,11/23/2000
95.07,,,11/24/2000
95.07,,,11/25/2000
95.07,,,11/26/2000
95.23,,,11/27/2000
95.53,,,11/28/2000
94.89,,,11/29/2000
94.93,,,11/30/2000
94.73,,,12/1/2000
94.73,,,12/2/2000
94.73,,,12/3/2000
85.53,,,12/4/2000
86.4,,,12/5/2000
87.29,,,12/6/2000
87.99,,,12/7/2000
88.32,,,12/8/2000
88.32,,,12/9/2000
88.32,,,12/10/2000
89.04,,,12/11/2000
89.54,,,12/12/2000
90.39,,,12/13/2000
89.98,,,12/14/2000
89.54,,,12/15/2000
89.54,,,12/16/2000
89.54,,,12/17/2000
89.67,,,12/18/2000
90.11,,,12/19/2000
90.28,,,12/20/2000
90.91,,,12/21/2000
91.32,,,12/22/2000
91.32,,,12/23/2000
91.32,,,12/24/2000
91.32,,,12/25/2000
91.32,,,12/26/2000
90.73,,,12/27/2000
91.76,,,12/28/2000
92.7,,,12/29/2000
92.7,,,12/30/2000
92.7,,,12/31/2000
92.7,,,1/1/2001
92.18,,,1/2/2001
92.42,,,1/3/2001
92.88,,,1/4/2001
92.93,,,1/5/2001
92.93,,,1/6/2001
92.93,,,1/7/2001
92.12,,,1/8/2001
92.46,,,1/9/2001
92,,,1/10/2001
93.53,,,1/11/2001
94.28,,,1/12/2001
94.28,,,1/13/2001
94.28,,,1/14/2001
93.16,,,1/15/2001
93.62,,,1/16/2001
94.04,,,1/17/2001
94.61,,,1/18/2001
95.9,,,1/19/2001
95.9,,,1/20/2001
95.9,,,1/21/2001
97.18,,,1/22/2001
97.14,,,1/23/2001
96.18,,,1/24/2001
96.76,,,1/25/2001
97.15,,,1/26/2001
97.15,,,1/27/2001
97.15,,,1/28/2001
96.53,,,1/29/2001
96.65,,,1/30/2001
96.11,,,1/31/2001
94.89,,,2/1/2001
95.54,,,2/2/2001
95.54,,,2/3/2001
95.54,,,2/4/2001
95.48,,,2/5/2001
95.38,,,2/6/2001
94.73,,,2/7/2001
94.35,,,2/8/2001
93.86,,,2/9/2001
93.86,,,2/10/2001
93.86,,,2/11/2001
93.95,,,2/12/2001
94.53,,,2/13/2001
94.41,,,2/14/2001
94.5,,,2/15/2001
94.5,,,2/16/2001
94.5,,,2/17/2001
94.5,,,2/18/2001
94.55,,,2/19/2001
93.98,,,2/20/2001
93.69,,,2/21/2001
92.51,,,2/22/2001
92.76,,,2/23/2001
92.76,,,2/24/2001
92.76,,,2/25/2001
92.59,,,2/26/2001
92.5,,,2/27/2001
92.54,,,2/28/2001
92.23,,,3/1/2001
90.9,,,3/2/2001
90.9,,,3/3/2001
90.9,,,3/4/2001
90.04,,,3/5/2001
91.34,,,3/6/2001
91.36,,,3/7/2001
91.69,,,3/8/2001
91.78,,,3/9/2001
91.78,,,3/10/2001
91.78,,,3/11/2001
91.48,,,3/12/2001
91.01,,,3/13/2001
90.88,,,3/14/2001
89.35,,,3/15/2001
89.15,,,3/16/2001
89.15,,,3/17/2001
89.15,,,3/18/2001
88.11,,,3/19/2001
88.17,,,3/20/2001
87.35,,,3/21/2001
87.32,,,3/22/2001
87.36,,,3/23/2001
87.36,,,3/24/2001
87.36,,,3/25/2001
88.14,,,3/26/2001
87.67,,,3/27/2001
88.35,,,3/28/2001
86.82,,,3/29/2001
87.39,,,3/30/2001
87.39,,,3/31/2001
87.39,,,4/1/2001
88,,,4/2/2001
86.26,,,4/3/2001
86.56,,,4/4/2001
86.11,,,4/5/2001
86.62,,,4/6/2001
86.62,,,4/7/2001
86.62,,,4/8/2001
86.54,,,4/9/2001
86.26,,,4/10/2001
86.69,,,4/11/2001
87.1,,,4/12/2001
87.68,,,4/13/2001
87.68,,,4/14/2001
87.68,,,4/15/2001
87.68,,,4/16/2001
87.02,,,4/17/2001
86.8,,,4/18/2001
87.16,,,4/19/2001
87.48,,,4/20/2001
87.48,,,4/21/2001
87.48,,,4/22/2001
87.65,,,4/23/2001
86.83,,,4/24/2001
86.82,,,4/25/2001
86.77,,,4/26/2001
86.7,,,4/27/2001
86.7,,,4/28/2001
86.7,,,4/29/2001
86.25,,,4/30/2001
85.95,,,5/1/2001
86.42,,,5/2/2001
86.34,,,5/3/2001
86.01,,,5/4/2001
86.01,,,5/5/2001
86.01,,,5/6/2001
85.88,,,5/7/2001
85.69,,,5/8/2001
85.86,,,5/9/2001
85.21,,,5/10/2001
85.57,,,5/11/2001
85.57,,,5/12/2001
85.57,,,5/13/2001
85.26,,,5/14/2001
84.82,,,5/15/2001
83.88,,,5/16/2001
84.89,,,5/17/2001
84.7,,,5/18/2001
84.7,,,5/19/2001
84.7,,,5/20/2001
84.43,,,5/21/2001
84.57,,,5/22/2001
84.84,,,5/23/2001
84.71,,,5/24/2001
84.66,,,5/25/2001
84.66,,,5/26/2001
84.66,,,5/27/2001
84.53,,,5/28/2001
84.4,,,5/29/2001
84.34,,,5/30/2001
84.35,,,5/31/2001
83.74,,,6/1/2001
83.74,,,6/2/2001
83.74,,,6/3/2001
83.47,,,6/4/2001
82.86,,,6/5/2001
82.83,,,6/6/2001
82.91,,,6/7/2001
82.85,,,6/8/2001
82.85,,,6/9/2001
82.85,,,6/10/2001
82.6,,,6/11/2001
82.89,,,6/12/2001
83.1,,,6/13/2001
83.02,,,6/14/2001
82.18,,,6/15/2001
82.18,,,6/16/2001
82.18,,,6/17/2001
83.6,,,6/18/2001
83.05,,,6/19/2001
82.71,,,6/20/2001
82.37,,,6/21/2001
81.96,,,6/22/2001
81.96,,,6/23/2001
81.96,,,6/24/2001
81.8,,,6/25/2001
80.56,,,6/26/2001
80.04,,,6/27/2001
79.93,,,6/28/2001
82.13,,,6/29/2001
82.13,,,6/30/2001
82.13,,,7/1/2001
80.89,,,7/2/2001
80.91,,,7/3/2001
80.58,,,7/4/2001
79.68,,,7/5/2001
79.68,,,7/6/2001
79.68,,,7/7/2001
79.68,,,7/8/2001
79.51,,,7/9/2001
79.44,,,7/10/2001
78.55,,,7/11/2001
78.38,,,7/12/2001
77.32,,,7/13/2001
77.32,,,7/14/2001
77.32,,,7/15/2001
76.37,,,7/16/2001
75.1,,,7/17/2001
75.14,,,7/18/2001
75.3,,,7/19/2001
75.38,,,7/20/2001
75.38,,,7/21/2001
75.38,,,7/22/2001
75,,,7/23/2001
75,,,7/24/2001
74.73,,,7/25/2001
74.5,,,7/26/2001
74.55,,,7/27/2001
74.55,,,7/28/2001
74.55,,,7/29/2001
74.3,,,7/30/2001
74.74,,,7/31/2001
73.96,,,8/1/2001
73.96,,,8/2/2001
74.25,,,8/3/2001
74.25,,,8/4/2001
74.25,,,8/5/2001
74.25,,,8/6/2001
73.47,,,8/7/2001
73.77,,,8/8/2001
73.47,,,8/9/2001
73.49,,,8/10/2001
73.49,,,8/11/2001
73.49,,,8/12/2001
73.6,,,8/13/2001
72.57,,,8/14/2001
72.57,,,8/15/2001
71.48,,,8/16/2001
70.76,,,8/17/2001
70.76,,,8/18/2001
70.76,,,8/19/2001
70.37,,,8/20/2001
69.99,,,8/21/2001
69.39,,,8/22/2001
69.81,,,8/23/2001
69.72,,,8/24/2001
69.72,,,8/25/2001
69.72,,,8/26/2001
70.19,,,8/27/2001
70.48,,,8/28/2001
70.9,,,8/29/2001
71.23,,,8/30/2001
68.55,,,8/31/2001
68.55,,,9/1/2001
68.55,,,9/2/2001
68.27,,,9/3/2001
69.28,,,9/4/2001
69.11,,,9/5/2001
68.62,,,9/6/2001
67.69,,,9/7/2001
67.69,,,9/8/2001
67.69,,,9/9/2001
66.92,,,9/10/2001
65.92,,,9/11/2001
64.53,,,9/12/2001
64.41,,,9/13/2001
64.01,,,9/14/2001
64.01,,,9/15/2001
64.01,,,9/16/2001
63.37,,,9/17/2001
63.18,,,9/18/2001
64.55,,,9/19/2001
65.96,,,9/20/2001
65.58,,,9/21/2001
65.58,,,9/22/2001
65.58,,,9/23/2001
66.65,,,9/24/2001
68.04,,,9/25/2001
67.79,,,9/26/2001
69.66,,,9/27/2001
68.81,,,9/28/2001
68.81,,,9/29/2001
68.81,,,9/30/2001
69.8,,,10/1/2001
68.51,,,10/2/2001
69.21,,,10/3/2001
68.67,,,10/4/2001
70.1,,,10/5/2001
70.1,,,10/6/2001
70.1,,,10/7/2001
70.31,,,10/8/2001
70.64,,,10/9/2001
71.29,,,10/10/2001
71.47,,,10/11/2001
71.82,,,10/12/2001
71.82,,,10/13/2001
71.82,,,10/14/2001
71.15,,,10/15/2001
71.46,,,10/16/2001
71.51,,,10/17/2001
71.04,,,10/18/2001
70.54,,,10/19/2001
70.54,,,10/20/2001
70.54,,,10/21/2001
71.16,,,10/22/2001
71.18,,,10/23/2001
70.72,,,10/24/2001
71.69,,,10/25/2001
72.14,,,10/26/2001
72.14,,,10/27/2001
72.14,,,10/28/2001
72.36,,,10/29/2001
72.75,,,10/30/2001
73.01,,,10/31/2001
73.01,,,11/1/2001
73.01,,,11/2/2001
73.01,,,11/3/2001
73.01,,,11/4/2001
72.74,,,11/5/2001
72.61,,,11/6/2001
72.04,,,11/7/2001
71.85,,,11/8/2001
72.02,,,11/9/2001
72.13,,,11/10/2001
72.13,,,11/11/2001
72.87,,,11/12/2001
72.49,,,11/13/2001
72.67,,,11/14/2001
73,,,11/15/2001
73.37,,,11/16/2001
73.37,,,11/17/2001
73.37,,,11/18/2001
73.02,,,11/19/2001
73.04,,,11/20/2001
73.47,,,11/21/2001
73.71,,,11/22/2001
73.77,,,11/23/2001
73.77,,,11/24/2001
73.77,,,11/25/2001
73.83,,,11/26/2001
73.98,,,11/27/2001
74.27,,,11/28/2001
74.52,,,11/29/2001
75.93,,,11/30/2001
75.93,,,12/1/2001
75.93,,,12/2/2001
76.67,,,12/3/2001
76.29,,,12/4/2001
76.27,,,12/5/2001
76.56,,,12/6/2001
76.29,,,12/7/2001
76.29,,,12/8/2001
76.29,,,12/9/2001
76.3,,,12/10/2001
75.88,,,12/11/2001
76.23,,,12/12/2001
75.97,,,12/13/2001
76.03,,,12/14/2001
76.03,,,12/15/2001
76.03,,,12/16/2001
75.98,,,12/17/2001
75.51,,,12/18/2001
74.9,,,12/19/2001
74.77,,,12/20/2001
75.52,,,12/21/2001
76.44,,,12/22/2001
76.44,,,12/23/2001
76.44,,,12/24/2001
76.44,,,12/25/2001
76.44,,,12/26/2001
75.59,,,12/27/2001
75.56,,,12/28/2001
75.56,,,12/29/2001
75.56,,,12/30/2001
75.56,,,12/31/2001
75.56,,,1/1/2002
75.38,,,1/2/2002
75.08,,,1/3/2002
74.63,,,1/4/2002
74.63,,,1/5/2002
74.63,,,1/6/2002
75.13,,,1/7/2002
76.05,,,1/8/2002
77.07,,,1/9/2002
76.72,,,1/10/2002
76.81,,,1/11/2002
76.81,,,1/12/2002
76.81,,,1/13/2002
76.85,,,1/14/2002
76.91,,,1/15/2002
77.45,,,1/16/2002
77.58,,,1/17/2002
77.22,,,1/18/2002
77.22,,,1/19/2002
77.22,,,1/20/2002
77.22,,,1/21/2002
77.53,,,1/22/2002
77.5,,,1/23/2002
77.41,,,1/24/2002
77.67,,,1/25/2002
77.67,,,1/26/2002
77.67,,,1/27/2002
77.71,,,1/28/2002
77.67,,,1/29/2002
77.75,,,1/30/2002
77.64,,,1/31/2002
77.69,,,2/1/2002
77.69,,,2/2/2002
77.69,,,2/3/2002
77.41,,,2/4/2002
77.23,,,2/5/2002
77.59,,,2/6/2002
77.35,,,2/7/2002
76.87,,,2/8/2002
76.87,,,2/9/2002
76.87,,,2/10/2002
76.85,,,2/11/2002
77.43,,,2/12/2002
77.76,,,2/13/2002
78.77,,,2/14/2002
81.05,,,2/15/2002
81.05,,,2/16/2002
81.05,,,2/17/2002
81.31,,,2/18/2002
81.53,,,2/19/2002
81.7,,,2/20/2002
81.86,,,2/21/2002
81.31,,,2/22/2002
81.31,,,2/23/2002
81.31,,,2/24/2002
81.56,,,2/25/2002
82.15,,,2/26/2002
83.08,,,2/27/2002
84.26,,,2/28/2002
83.91,,,3/1/2002
83.91,,,3/2/2002
83.91,,,3/3/2002
84.9,,,3/4/2002
85.04,,,3/5/2002
85.36,,,3/6/2002
86.07,,,3/7/2002
86.19,,,3/8/2002
86.19,,,3/9/2002
86.19,,,3/10/2002
86.19,,,3/11/2002
86.68,,,3/12/2002
85.84,,,3/13/2002
85.8,,,3/14/2002
85.73,,,3/15/2002
85.73,,,3/16/2002
85.73,,,3/17/2002
86.05,,,3/18/2002
86.01,,,3/19/2002
85.96,,,3/20/2002
86.26,,,3/21/2002
86.77,,,3/22/2002
86.77,,,3/23/2002
86.77,,,3/24/2002
87.43,,,3/25/2002
88.15,,,3/26/2002
88.52,,,3/27/2002
88.96,,,3/28/2002
89.78,,,3/29/2002
89.78,,,3/30/2002
89.78,,,3/31/2002
89.78,,,4/1/2002
89.47,,,4/2/2002
91.22,,,4/3/2002
90.6,,,4/4/2002
90.23,,,4/5/2002
90.23,,,4/6/2002
90.23,,,4/7/2002
89.41,,,4/8/2002
87.59,,,4/9/2002
87.88,,,4/10/2002
88.37,,,4/11/2002
87.76,,,4/12/2002
87.76,,,4/13/2002
87.76,,,4/14/2002
88.05,,,4/15/2002
88.06,,,4/16/2002
88.08,,,4/17/2002
89.2,,,4/18/2002
89.92,,,4/19/2002
89.92,,,4/20/2002
89.92,,,4/21/2002
90.18,,,4/22/2002
92.17,,,4/23/2002
92.45,,,4/24/2002
92.99,,,4/25/2002
94.12,,,4/26/2002
94.12,,,4/27/2002
94.12,,,4/28/2002
95.64,,,4/29/2002
94.41,,,4/30/2002
94.41,,,5/1/2002
94.1,,,5/2/2002
93.4,,,5/3/2002
93.4,,,5/4/2002
93.4,,,5/5/2002
92.81,,,5/6/2002
91.5,,,5/7/2002
92.1,,,5/8/2002
92.28,,,5/9/2002
91.33,,,5/10/2002
91.33,,,5/11/2002
91.33,,,5/12/2002
91.25,,,5/13/2002
88.84,,,5/14/2002
88.98,,,5/15/2002
87.86,,,5/16/2002
88.49,,,5/17/2002
88.49,,,5/18/2002
88.49,,,5/19/2002
87.25,,,5/20/2002
87.66,,,5/21/2002
86.22,,,5/22/2002
86.99,,,5/23/2002
87.5,,,5/24/2002
87.5,,,5/25/2002
87.5,,,5/26/2002
86.73,,,5/27/2002
87.16,,,5/28/2002
85.98,,,5/29/2002
85.61,,,5/30/2002
85.87,,,5/31/2002
85.87,,,6/1/2002
85.87,,,6/2/2002
84.36,,,6/3/2002
85.19,,,6/4/2002
85.43,,,6/5/2002
85.66,,,6/6/2002
85.36,,,6/7/2002
85.36,,,6/8/2002
85.36,,,6/9/2002
84.16,,,6/10/2002
84.19,,,6/11/2002
84.12,,,6/12/2002
84.22,,,6/13/2002
83.9,,,6/14/2002
83.9,,,6/15/2002
83.9,,,6/16/2002
84.29,,,6/17/2002
84.58,,,6/18/2002
84.52,,,6/19/2002
84.66,,,6/20/2002
83.88,,,6/21/2002
83.88,,,6/22/2002
83.88,,,6/23/2002
83.81,,,6/24/2002
83.88,,,6/25/2002
83.07,,,6/26/2002
82.87,,,6/27/2002
83.52,,,6/28/2002
83.52,,,6/29/2002
83.52,,,6/30/2002
83.49,,,7/1/2002
83.37,,,7/2/2002
83.31,,,7/3/2002
83.38,,,7/4/2002
83.73,,,7/5/2002
83.73,,,7/6/2002
83.73,,,7/7/2002
84.11,,,7/8/2002
85,,,7/9/2002
86.32,,,7/10/2002
85.54,,,7/11/2002
85.69,,,7/12/2002
85.69,,,7/13/2002
85.69,,,7/14/2002
85.74,,,7/15/2002
85.44,,,7/16/2002
85.24,,,7/17/2002
85.54,,,7/18/2002
85.29,,,7/19/2002
85.29,,,7/20/2002
85.29,,,7/21/2002
85.26,,,7/22/2002
85.25,,,7/23/2002
85.06,,,7/24/2002
85.08,,,7/25/2002
84.69,,,7/26/2002
84.69,,,7/27/2002
84.69,,,7/28/2002
84.52,,,7/29/2002
84.64,,,7/30/2002
85.91,,,7/31/2002
86.49,,,8/1/2002
85.64,,,8/2/2002
85.64,,,8/3/2002
85.64,,,8/4/2002
85.76,,,8/5/2002
86.52,,,8/6/2002
86.68,,,8/7/2002
87.08,,,8/8/2002
88.19,,,8/9/2002
87.76,,,8/10/2002
87.76,,,8/11/2002
88.48,,,8/12/2002
88.01,,,8/13/2002
87.85,,,8/14/2002
87.85,,,8/15/2002
87.85,,,8/16/2002
87.85,,,8/17/2002
87.85,,,8/18/2002
87.7,,,8/19/2002
87.36,,,8/20/2002
88.32,,,8/21/2002
88.51,,,8/22/2002
88.73,,,8/23/2002
88.73,,,8/24/2002
88.73,,,8/25/2002
89.03,,,8/26/2002
88.9,,,8/27/2002
88.6,,,8/28/2002
88.54,,,8/29/2002
88.73,,,8/30/2002
88.73,,,8/31/2002
88.73,,,9/1/2002
88.72,,,9/2/2002
87.95,,,9/3/2002
87.6,,,9/4/2002
88.49,,,9/5/2002
87.49,,,9/6/2002
87.49,,,9/7/2002
87.49,,,9/8/2002
87.39,,,9/9/2002
87.53,,,9/10/2002
86.8,,,9/11/2002
86.76,,,9/12/2002
86.26,,,9/13/2002
86.26,,,9/14/2002
86.26,,,9/15/2002
85.97,,,9/16/2002
85.91,,,9/17/2002
85.87,,,9/18/2002
86.45,,,9/19/2002
86.3,,,9/20/2002
86.3,,,9/21/2002
86.3,,,9/22/2002
86.83,,,9/23/2002
86.12,,,9/24/2002
85.42,,,9/25/2002
85.99,,,9/26/2002
86.61,,,9/27/2002
86.61,,,9/28/2002
86.61,,,9/29/2002
87.21,,,9/30/2002
88.17,,,10/1/2002
87.67,,,10/2/2002
88.36,,,10/3/2002
87.65,,,10/4/2002
87.65,,,10/5/2002
87.65,,,10/6/2002
87.34,,,10/7/2002
86.99,,,10/8/2002
86.99,,,10/9/2002
85.95,,,10/10/2002
85.48,,,10/11/2002
85.48,,,10/12/2002
85.48,,,10/13/2002
85.06,,,10/14/2002
85.59,,,10/15/2002
85.95,,,10/16/2002
85.68,,,10/17/2002
86.2,,,10/18/2002
86.2,,,10/19/2002
86.2,,,10/20/2002
85.83,,,10/21/2002
86.02,,,10/22/2002
85.79,,,10/23/2002
85.69,,,10/24/2002
85.22,,,10/25/2002
85.22,,,10/26/2002
85.22,,,10/27/2002
85.07,,,10/28/2002
85.08,,,10/29/2002
84.7,,,10/30/2002
85.57,,,10/31/2002
85.57,,,11/1/2002
85.57,,,11/2/2002
85.57,,,11/3/2002
85.1,,,11/4/2002
84.38,,,11/5/2002
84.62,,,11/6/2002
85.25,,,11/7/2002
85.99,,,11/8/2002
85.99,,,11/9/2002
85.99,,,11/10/2002
85.66,,,11/11/2002
85.69,,,11/12/2002
86.36,,,11/13/2002
85.85,,,11/14/2002
86.96,,,11/15/2002
86.96,,,11/16/2002
86.96,,,11/17/2002
87.45,,,11/18/2002
88.74,,,11/19/2002
88,,,11/20/2002
88.47,,,11/21/2002
88.29,,,11/22/2002
88.29,,,11/23/2002
88.29,,,11/24/2002
87.14,,,11/25/2002
87.39,,,11/26/2002
87.83,,,11/27/2002
87.64,,,11/28/2002
88.05,,,11/29/2002
88.05,,,11/30/2002
88.05,,,12/1/2002
87.36,,,12/2/2002
87.49,,,12/3/2002
87.1,,,12/4/2002
86.31,,,12/5/2002
86.35,,,12/6/2002
86.35,,,12/7/2002
86.35,,,12/8/2002
86.33,,,12/9/2002
85.97,,,12/10/2002
86.39,,,12/11/2002
86.22,,,12/12/2002
85.87,,,12/13/2002
85.87,,,12/14/2002
85.87,,,12/15/2002
84.99,,,12/16/2002
84.61,,,12/17/2002
84.34,,,12/18/2002
84,,,12/19/2002
84.39,,,12/20/2002
84.38,,,12/21/2002
84.38,,,12/22/2002
84.56,,,12/23/2002
84.4,,,12/24/2002
84.4,,,12/25/2002
84.4,,,12/26/2002
84.4,,,12/27/2002
84.4,,,12/28/2002
84.4,,,12/29/2002
84.26,,,12/30/2002
84.78,,,12/31/2002
84.78,,,1/1/2003
86.34,,,1/2/2003
87.1,,,1/3/2003
87.1,,,1/4/2003
87.1,,,1/5/2003
86.54,,,1/6/2003
87.92,,,1/7/2003
88.45,,,1/8/2003
88.13,,,1/9/2003
87.58,,,1/10/2003
87.58,,,1/11/2003
87.58,,,1/12/2003
87.89,,,1/13/2003
88.55,,,1/14/2003
88.81,,,1/15/2003
89.36,,,1/16/2003
89.87,,,1/17/2003
89.87,,,1/18/2003
89.87,,,1/19/2003
89.59,,,1/20/2003
89.48,,,1/21/2003
89.16,,,1/22/2003
89.12,,,1/23/2003
89.08,,,1/24/2003
89.08,,,1/25/2003
89.08,,,1/26/2003
88.4,,,1/27/2003
88.5,,,1/28/2003
88.31,,,1/29/2003
87.99,,,1/30/2003
87.79,,,1/31/2003
87.79,,,2/1/2003
87.79,,,2/2/2003
87.69,,,2/3/2003
87.86,,,2/4/2003
88.14,,,2/5/2003
89.23,,,2/6/2003
90.66,,,2/7/2003
90.66,,,2/8/2003
90.66,,,2/9/2003
90.89,,,2/10/2003
91.2,,,2/11/2003
90.86,,,2/12/2003
91.24,,,2/13/2003
91.03,,,2/14/2003
91.03,,,2/15/2003
91.03,,,2/16/2003
91.6,,,2/17/2003
91.41,,,2/18/2003
91.79,,,2/19/2003
92.11,,,2/20/2003
92.4,,,2/21/2003
92.4,,,2/22/2003
92.4,,,2/23/2003
91.8,,,2/24/2003
92.21,,,2/25/2003
92.56,,,2/26/2003
92.32,,,2/27/2003
92.32,,,2/28/2003
92.32,,,3/1/2003
92.32,,,3/2/2003
92.39,,,3/3/2003
92.86,,,3/4/2003
93.31,,,3/5/2003
94.53,,,3/6/2003
94.13,,,3/7/2003
94.13,,,3/8/2003
94.13,,,3/9/2003
93.77,,,3/10/2003
93.77,,,3/11/2003
94.15,,,3/12/2003
94.12,,,3/13/2003
94.64,,,3/14/2003
94.64,,,3/15/2003
94.64,,,3/16/2003
94.22,,,3/17/2003
95.05,,,3/18/2003
95.08,,,3/19/2003
95.6,,,3/20/2003
95.34,,,3/21/2003
95.34,,,3/22/2003
95.34,,,3/23/2003
94.49,,,3/24/2003
94.55,,,3/25/2003
94.67,,,3/26/2003
95.63,,,3/27/2003
95.82,,,3/28/2003
95.82,,,3/29/2003
95.82,,,3/30/2003
96.7,,,3/31/2003
96.77,,,4/1/2003
97.09,,,4/2/2003
98.11,,,4/3/2003
98.48,,,4/4/2003
98.48,,,4/5/2003
98.48,,,4/6/2003
99.3,,,4/7/2003
100.36,,,4/8/2003
102.18,,,4/9/2003
104.01,,,4/10/2003
103.07,,,4/11/2003
103.07,,,4/12/2003
103.07,,,4/13/2003
103.34,,,4/14/2003
103.74,,,4/15/2003
103.78,,,4/16/2003
103.74,,,4/17/2003
102.47,,,4/18/2003
102.47,,,4/19/2003
102.47,,,4/20/2003
102.47,,,4/21/2003
103.36,,,4/22/2003
103.72,,,4/23/2003
105.61,,,4/24/2003
106.22,,,4/25/2003
106.22,,,4/26/2003
106.22,,,4/27/2003
104.08,,,4/28/2003
105.28,,,4/29/2003
107.91,,,4/30/2003
107.91,,,5/1/2003
109.02,,,5/2/2003
109.02,,,5/3/2003
109.02,,,5/4/2003
108.91,,,5/5/2003
109.15,,,5/6/2003
110.66,,,5/7/2003
111.34,,,5/8/2003
112.63,,,5/9/2003
112.63,,,5/10/2003
112.63,,,5/11/2003
113.82,,,5/12/2003
114.41,,,5/13/2003
115.16,,,5/14/2003
115.65,,,5/15/2003
116.79,,,5/16/2003
116.79,,,5/17/2003
116.79,,,5/18/2003
116.8,,,5/19/2003
116.44,,,5/20/2003
117.28,,,5/21/2003
117.85,,,5/22/2003
116.68,,,5/23/2003
116.68,,,5/24/2003
116.68,,,5/25/2003
117.75,,,5/26/2003
118.61,,,5/27/2003
119.45,,,5/28/2003
119.85,,,5/29/2003
121.73,,,5/30/2003
121.73,,,5/31/2003
121.73,,,6/1/2003
120.61,,,6/2/2003
121.33,,,6/3/2003
123.01,,,6/4/2003
123.71,,,6/5/2003
123.85,,,6/6/2003
123.85,,,6/7/2003
123.85,,,6/8/2003
124.08,,,6/9/2003
126.28,,,6/10/2003
128.45,,,6/11/2003
129.47,,,6/12/2003
129.54,,,6/13/2003
129.54,,,6/14/2003
129.54,,,6/15/2003
131.13,,,6/16/2003
132.18,,,6/17/2003
132.25,,,6/18/2003
131.89,,,6/19/2003
133.44,,,6/20/2003
133.44,,,6/21/2003
133.44,,,6/22/2003
133.26,,,6/23/2003
133.01,,,6/24/2003
133.98,,,6/25/2003
134.2,,,6/26/2003
134.75,,,6/27/2003
134.75,,,6/28/2003
134.75,,,6/29/2003
134.97,,,6/30/2003
134.95,,,7/1/2003
133.76,,,7/2/2003
134.49,,,7/3/2003
135.01,,,7/4/2003
135.01,,,7/5/2003
135.01,,,7/6/2003
134.71,,,7/7/2003
135.39,,,7/8/2003
135.39,,,7/9/2003
136.03,,,7/10/2003
136.54,,,7/11/2003
136.54,,,7/12/2003
136.54,,,7/13/2003
136.58,,,7/14/2003
138.65,,,7/15/2003
139.79,,,7/16/2003
140.71,,,7/17/2003
141.47,,,7/18/2003
141.47,,,7/19/2003
141.47,,,7/20/2003
140.77,,,7/21/2003
141.04,,,7/22/2003
141.54,,,7/23/2003
142.59,,,7/24/2003
142.74,,,7/25/2003
142.74,,,7/26/2003
142.74,,,7/27/2003
143.75,,,7/28/2003
146.52,,,7/29/2003
150.55,,,7/30/2003
154.33,,,7/31/2003
156.64,,,8/1/2003
156.64,,,8/2/2003
156.64,,,8/3/2003
156.9,,,8/4/2003
155.87,,,8/5/2003
154.55,,,8/6/2003
151.73,,,8/7/2003
152.24,,,8/8/2003
152.24,,,8/9/2003
152.24,,,8/10/2003
155.37,,,8/11/2003
157.4,,,8/12/2003
159.5,,,8/13/2003
160.4,,,8/14/2003
160.4,,,8/15/2003
160.4,,,8/16/2003
160.4,,,8/17/2003
161.33,,,8/18/2003
162.09,,,8/19/2003
162.53,,,8/20/2003
163.45,,,8/21/2003
164.07,,,8/22/2003
164.07,,,8/23/2003
164.07,,,8/24/2003
164.56,,,8/25/2003
166.34,,,8/26/2003
167.48,,,8/27/2003
168.15,,,8/28/2003
166.98,,,8/29/2003
166.98,,,8/30/2003
166.98,,,8/31/2003
169.04,,,9/1/2003
170.88,,,9/2/2003
175.08,,,9/3/2003
181.3,,,9/4/2003
184.13,,,9/5/2003
184.13,,,9/6/2003
184.13,,,9/7/2003
189.35,,,9/8/2003
185.51,,,9/9/2003
187.22,,,9/10/2003
185.54,,,9/11/2003
181.17,,,9/12/2003
181.17,,,9/13/2003
181.17,,,9/14/2003
182.85,,,9/15/2003
185.56,,,9/16/2003
184.77,,,9/17/2003
188.14,,,9/18/2003
188.53,,,9/19/2003
188.53,,,9/20/2003
188.53,,,9/21/2003
188.44,,,9/22/2003
185.92,,,9/23/2003
181.23,,,9/24/2003
173.35,,,9/25/2003
181.39,,,9/26/2003
181.39,,,9/27/2003
181.39,,,9/28/2003
177.08,,,9/29/2003
176.21,,,9/30/2003
173.94,,,10/1/2003
174.7,,,10/2/2003
174.93,,,10/3/2003
174.93,,,10/4/2003
174.93,,,10/5/2003
172.57,,,10/6/2003
175.53,,,10/7/2003
177.6,,,10/8/2003
178.94,,,10/9/2003
179.68,,,10/10/2003
179.68,,,10/11/2003
179.68,,,10/12/2003
177.76,,,10/13/2003
177.19,,,10/14/2003
176.28,,,10/15/2003
178.71,,,10/16/2003
179.28,,,10/17/2003
179.28,,,10/18/2003
179.28,,,10/19/2003
178.69,,,10/20/2003
178.28,,,10/21/2003
178.52,,,10/22/2003
177.12,,,10/23/2003
176.58,,,10/24/2003
176.58,,,10/25/2003
176.58,,,10/26/2003
173.46,,,10/27/2003
171.49,,,10/28/2003
170.03,,,10/29/2003
167.69,,,10/30/2003
163.07,,,10/31/2003
163.07,,,11/1/2003
163.07,,,11/2/2003
167.46,,,11/3/2003
167.84,,,11/4/2003
167.81,,,11/5/2003
166.71,,,11/6/2003
167.15,,,11/7/2003
167.15,,,11/8/2003
167.15,,,11/9/2003
167.33,,,11/10/2003
166.23,,,11/11/2003
163.42,,,11/12/2003
164.46,,,11/13/2003
164.62,,,11/14/2003
164.62,,,11/15/2003
164.62,,,11/16/2003
160.97,,,11/17/2003
163.84,,,11/18/2003
165.13,,,11/19/2003
167.85,,,11/20/2003
166.11,,,11/21/2003
166.11,,,11/22/2003
166.11,,,11/23/2003
166.59,,,11/24/2003
167.42,,,11/25/2003
167.14,,,11/26/2003
166.57,,,11/27/2003
166.43,,,11/28/2003
166.43,,,11/29/2003
166.43,,,11/30/2003
165.6,,,12/1/2003
165.64,,,12/2/2003
165.68,,,12/3/2003
165.94,,,12/4/2003
166.09,,,12/5/2003
166.09,,,12/6/2003
166.09,,,12/7/2003
167.65,,,12/8/2003
168.5,,,12/9/2003
168.6,,,12/10/2003
170.77,,,12/11/2003
171.61,,,12/12/2003
171.61,,,12/13/2003
171.61,,,12/14/2003
171.6,,,12/15/2003
171.24,,,12/16/2003
171.24,,,12/17/2003
172.41,,,12/18/2003
172.63,,,12/19/2003
172.63,,,12/20/2003
172.63,,,12/21/2003
172.21,,,12/22/2003
172.87,,,12/23/2003
171.44,,,12/24/2003
171.44,,,12/25/2003
171.44,,,12/26/2003
171.44,,,12/27/2003
171.44,,,12/28/2003
171.88,,,12/29/2003
171.91,,,12/30/2003
174.48,,,12/31/2003
174.48,,,1/1/2004
174.82,,,1/2/2004
174.82,,,1/3/2004
174.82,,,1/4/2004
177.35,,,1/5/2004
181.14,,,1/6/2004
185.17,,,1/7/2004
184.81,,,1/8/2004
184.02,,,1/9/2004
184.02,,,1/10/2004
184.02,,,1/11/2004
184.61,,,1/12/2004
185.18,,,1/13/2004
185.03,,,1/14/2004
187.24,,,1/15/2004
188.1,,,1/16/2004
188.1,,,1/17/2004
188.1,,,1/18/2004
189.26,,,1/19/2004
188.78,,,1/20/2004
189.49,,,1/21/2004
189.03,,,1/22/2004
189.39,,,1/23/2004
189.39,,,1/24/2004
189.39,,,1/25/2004
189.12,,,1/26/2004
190.02,,,1/27/2004
190.7,,,1/28/2004
191.93,,,1/29/2004
191.65,,,1/30/2004
191.65,,,1/31/2004
191.65,,,2/1/2004
192.38,,,2/2/2004
192.54,,,2/3/2004
192.22,,,2/4/2004
192.62,,,2/5/2004
192.48,,,2/6/2004
192.48,,,2/7/2004
192.48,,,2/8/2004
192.93,,,2/9/2004
194.21,,,2/10/2004
195.24,,,2/11/2004
197.64,,,2/12/2004
198.08,,,2/13/2004
198.08,,,2/14/2004
198.08,,,2/15/2004
198.08,,,2/16/2004
198.74,,,2/17/2004
198.8,,,2/18/2004
202.14,,,2/19/2004
205.31,,,2/20/2004
205.31,,,2/21/2004
205.31,,,2/22/2004
205.68,,,2/23/2004
204.9,,,2/24/2004
204.93,,,2/25/2004
204.6,,,2/26/2004
204.01,,,2/27/2004
204.01,,,2/28/2004
204.01,,,2/29/2004
204.69,,,3/1/2004
204.88,,,3/2/2004
206.72,,,3/3/2004
206.93,,,3/4/2004
207.77,,,3/5/2004
207.77,,,3/6/2004
207.77,,,3/7/2004
209.37,,,3/8/2004
210.03,,,3/9/2004
210.47,,,3/10/2004
210.47,,,3/11/2004
210.64,,,3/12/2004
210.64,,,3/13/2004
210.64,,,3/14/2004
210.82,,,3/15/2004
211.63,,,3/16/2004
212.95,,,3/17/2004
213.72,,,3/18/2004
215.3,,,3/19/2004
215.3,,,3/20/2004
215.3,,,3/21/2004
216.54,,,3/22/2004
217.8,,,3/23/2004
218.89,,,3/24/2004
219.81,,,3/25/2004
220.57,,,3/26/2004
220.57,,,3/27/2004
220.57,,,3/28/2004
219.23,,,3/29/2004
218.29,,,3/30/2004
217.8,,,3/31/2004
222.91,,,4/1/2004
227.73,,,4/2/2004
227.73,,,4/3/2004
227.73,,,4/4/2004
227.35,,,4/5/2004
227.5,,,4/6/2004
227.34,,,4/7/2004
226.18,,,4/8/2004
225.69,,,4/9/2004
225.69,,,4/10/2004
225.69,,,4/11/2004
225.69,,,4/12/2004
224.21,,,4/13/2004
224.52,,,4/14/2004
222.6,,,4/15/2004
226.28,,,4/16/2004
226.28,,,4/17/2004
226.28,,,4/18/2004
227.57,,,4/19/2004
226.35,,,4/20/2004
224.92,,,4/21/2004
225.43,,,4/22/2004
225.05,,,4/23/2004
225.05,,,4/24/2004
225.05,,,4/25/2004
224.25,,,4/26/2004
222.22,,,4/27/2004
224.05,,,4/28/2004
222.77,,,4/29/2004
221.26,,,4/30/2004
221.26,,,5/1/2004
221.26,,,5/2/2004
222.05,,,5/3/2004
220.2,,,5/4/2004
219.87,,,5/5/2004
219.54,,,5/6/2004
219.07,,,5/7/2004
219.07,,,5/8/2004
219.07,,,5/9/2004
217.94,,,5/10/2004
215.96,,,5/11/2004
219.32,,,5/12/2004
220.07,,,5/13/2004
220.13,,,5/14/2004
220.13,,,5/15/2004
220.13,,,5/16/2004
217.96,,,5/17/2004
217.71,,,5/18/2004
218.59,,,5/19/2004
217.37,,,5/20/2004
217.71,,,5/21/2004
217.71,,,5/22/2004
217.71,,,5/23/2004
217.03,,,5/24/2004
215.69,,,5/25/2004
213.8,,,5/26/2004
210.95,,,5/27/2004
206.67,,,5/28/2004
206.67,,,5/29/2004
206.67,,,5/30/2004
208.55,,,5/31/2004
207.16,,,6/1/2004
207.29,,,6/2/2004
205.83,,,6/3/2004
204.36,,,6/4/2004
204.36,,,6/5/2004
204.36,,,6/6/2004
205.98,,,6/7/2004
208.2,,,6/8/2004
209.46,,,6/9/2004
208.62,,,6/10/2004
209.22,,,6/11/2004
209.22,,,6/12/2004
209.22,,,6/13/2004
208.89,,,6/14/2004
208.39,,,6/15/2004
209.13,,,6/16/2004
208.17,,,6/17/2004
211.68,,,6/18/2004
211.68,,,6/19/2004
211.68,,,6/20/2004
210.16,,,6/21/2004
209.69,,,6/22/2004
209,,,6/23/2004
209,,,6/24/2004
209.01,,,6/25/2004
209.01,,,6/26/2004
209.01,,,6/27/2004
207.55,,,6/28/2004
207.53,,,6/29/2004
206.31,,,6/30/2004
206.25,,,7/1/2004
204.21,,,7/2/2004
204.21,,,7/3/2004
204.21,,,7/4/2004
203.15,,,7/5/2004
203.15,,,7/6/2004
204.77,,,7/7/2004
205.41,,,7/8/2004
205.99,,,7/9/2004
205.99,,,7/10/2004
205.99,,,7/11/2004
205.84,,,7/12/2004
206.74,,,7/13/2004
207.34,,,7/14/2004
207.52,,,7/15/2004
206.16,,,7/16/2004
206.16,,,7/17/2004
206.16,,,7/18/2004
207.12,,,7/19/2004
205.74,,,7/20/2004
206.85,,,7/21/2004
206.08,,,7/22/2004
205.95,,,7/23/2004
205.95,,,7/24/2004
205.95,,,7/25/2004
206.08,,,7/26/2004
204.99,,,7/27/2004
206.18,,,7/28/2004
206.93,,,7/29/2004
206.8,,,7/30/2004
206.8,,,7/31/2004
206.8,,,8/1/2004
205.67,,,8/2/2004
206.49,,,8/3/2004
206.42,,,8/4/2004
206,,,8/5/2004
206.27,,,8/6/2004
206.27,,,8/7/2004
206.27,,,8/8/2004
205.78,,,8/9/2004
208.54,,,8/10/2004
208.21,,,8/11/2004
209.76,,,8/12/2004
209.77,,,8/13/2004
209.77,,,8/14/2004
209.77,,,8/15/2004
212.65,,,8/16/2004
211.05,,,8/17/2004
210.37,,,8/18/2004
209.91,,,8/19/2004
210.1,,,8/20/2004
210.1,,,8/21/2004
210.1,,,8/22/2004
210.78,,,8/23/2004
209.75,,,8/24/2004
210.01,,,8/25/2004
208.43,,,8/26/2004
207.75,,,8/27/2004
207.75,,,8/28/2004
207.75,,,8/29/2004
208.22,,,8/30/2004
211.3,,,8/31/2004
212.21,,,9/1/2004
214.87,,,9/2/2004
215.41,,,9/3/2004
215.41,,,9/4/2004
215.41,,,9/5/2004
213.56,,,9/6/2004
212.05,,,9/7/2004
213.33,,,9/8/2004
212.9,,,9/9/2004
213.78,,,9/10/2004
213.78,,,9/11/2004
213.78,,,9/12/2004
213.66,,,9/13/2004
214.53,,,9/14/2004
216.39,,,9/15/2004
215.97,,,9/16/2004
216.81,,,9/17/2004
216.81,,,9/18/2004
216.81,,,9/19/2004
216.66,,,9/20/2004
216.42,,,9/21/2004
217.34,,,9/22/2004
217.19,,,9/23/2004
217.06,,,9/24/2004
217.06,,,9/25/2004
217.06,,,9/26/2004
218.35,,,9/27/2004
220.4,,,9/28/2004
223.09,,,9/29/2004
223.71,,,9/30/2004
224.19,,,10/1/2004
224.17,,,10/4/2004
227.26,,,10/5/2004
226.43,,,10/6/2004
227.37,,,10/7/2004
227.98,,,10/8/2004
228.86,,,10/11/2004
229.25,,,10/12/2004
229.17,,,10/13/2004
230.04,,,10/14/2004
230.7,,,10/15/2004
231.59,,,10/18/2004
232.32,,,10/19/2004
232.85,,,10/20/2004
233.23,,,10/21/2004
233.99,,,10/22/2004
233.36,,,10/25/2004
234.25,,,10/26/2004
236.5,,,10/27/2004
238.21,,,10/28/2004
238.9,,,10/29/2004
238.64,,,11/2/2004
236.93,,,11/3/2004
237.05,,,11/4/2004
237.97,,,11/5/2004
237.06,,,11/8/2004
237.95,,,11/9/2004
239.19,,,11/10/2004
240.46,,,11/11/2004
240.88,,,11/12/2004
241.3,,,11/15/2004
241.96,,,11/16/2004
245.65,,,11/17/2004
247.44,,,11/18/2004
247.97,,,11/19/2004
248.06,,,11/22/2004
250.5,,,11/23/2004
252.94,,,11/24/2004
254.69,,,11/25/2004
256.23,,,11/26/2004
261.88,,,11/29/2004
262.72,,,11/30/2004
261.41,,,12/1/2004
256.94,,,12/2/2004
256.71,,,12/3/2004
256.47,,,12/6/2004
254.55,,,12/7/2004
258.52,,,12/8/2004
262.07,,,12/9/2004
265.92,,,12/10/2004
269.61,,,12/13/2004
272.46,,,12/14/2004
273.56,,,12/15/2004
272.6,,,12/16/2004
273.48,,,12/17/2004
273.42,,,12/20/2004
271.62,,,12/21/2004
272.13,,,12/22/2004
275.98,,,12/23/2004
278.36,,,12/24/2004
283.33,,,12/27/2004
284.49,,,12/28/2004
287.69,,,12/29/2004
289.4,,,12/30/2004
293.44,,,12/31/2004
293.97,,,1/3/2005
305.18,,,1/4/2005
314.7,,,1/5/2005
308.9,,,1/6/2005
309.29,,,1/7/2005
312.26,,,1/10/2005
310.65,,,1/11/2005
310.61,,,1/12/2005
307.27,,,1/13/2005
305.11,,,1/14/2005
304.5,,,1/17/2005
304.87,,,1/18/2005
308.19,,,1/19/2005
309.33,,,1/20/2005
309.46,,,1/21/2005
311.11,,,1/24/2005
313.14,,,1/25/2005
315.54,,,1/26/2005
315.84,,,1/27/2005
321.64,,,1/28/2005
322.36,,,1/31/2005
318.62,,,2/1/2005
317.64,,,2/2/2005
317.2,,,2/3/2005
318.84,,,2/4/2005
319.37,,,2/7/2005
319.78,,,2/8/2005
323.97,,,2/9/2005
326.26,,,2/10/2005
327.03,,,2/11/2005
325.79,,,2/14/2005
327.49,,,2/15/2005
327.63,,,2/17/2005
330.91,,,2/18/2005
331.43,,,2/21/2005
330.96,,,2/22/2005
328.38,,,2/23/2005
331,,,2/24/2005
332.92,,,2/25/2005
336.43,,,2/28/2005
336.36,,,3/1/2005
337.59,,,3/2/2005
335.6,,,3/3/2005
336.57,,,3/4/2005
336.49,,,3/7/2005
338.78,,,3/8/2005
339.28,,,3/9/2005
342.52,,,3/10/2005
344.86,,,3/14/2005
342.23,,,3/15/2005
342.19,,,3/16/2005
340.91,,,3/17/2005
339.35,,,3/18/2005
339.6,,,3/21/2005
337.93,,,3/22/2005
338.51,,,3/23/2005
341.99,,,3/24/2005
344.05,,,3/25/2005
343.84,,,3/29/2005
343.87,,,3/30/2005
346.39,,,3/31/2005
342.38,,,4/1/2005
340.84,,,4/4/2005
345.27,,,4/5/2005
348.83,,,4/6/2005
361.23,,,4/7/2005
365.1,,,4/8/2005
366.84,,,4/11/2005
367.69,,,4/12/2005
368.04,,,4/13/2005
369.06,,,4/14/2005
380.17,,,4/15/2005
377.36,,,4/18/2005
372.76,,,4/19/2005
375.64,,,4/20/2005
377.29,,,4/21/2005
376.31,,,4/22/2005
375.51,,,4/25/2005
389.26,,,4/26/2005
387.52,,,4/27/2005
386.98,,,4/28/2005
398.75,,,4/29/2005
398.08,,,5/2/2005
395.59,,,5/3/2005
397.32,,,5/4/2005
396.65,,,5/5/2005
395.43,,,5/6/2005
393.76,,,5/9/2005
391.22,,,5/10/2005
385.76,,,5/11/2005
389.05,,,5/12/2005
387.92,,,5/13/2005
385.34,,,5/16/2005
383.79,,,5/17/2005
385.81,,,5/18/2005
388.96,,,5/19/2005
390.96,,,5/20/2005
392.09,,,5/23/2005
392.17,,,5/24/2005
390.98,,,5/25/2005
391.97,,,5/26/2005
392.57,,,5/27/2005
392.27,,,5/30/2005
392.4,,,5/31/2005
392.68,,,6/1/2005
395.18,,,6/2/2005
409.41,,,6/3/2005
414,,,6/6/2005
420.5,,,6/7/2005
418.2,,,6/8/2005
421.2,,,6/9/2005
419.2,,,6/10/2005
416.15,,,6/13/2005
416.51,,,6/14/2005
417.26,,,6/15/2005
415.53,,,6/16/2005
414.8,,,6/17/2005
414.32,,,6/20/2005
415.52,,,6/21/2005
415.47,,,6/22/2005
414.71,,,6/23/2005
415.48,,,6/27/2005
417.54,,,6/28/2005
420.78,,,6/29/2005
413.37,,,6/30/2005
411.78,,,7/1/2005
410.07,,,7/4/2005
411.34,,,7/5/2005
411.65,,,7/7/2005
409.87,,,7/8/2005
409.71,,,7/11/2005
411.24,,,7/12/2005
410.7,,,7/13/2005
407.04,,,7/14/2005
406.99,,,7/15/2005
407.88,,,7/18/2005
409.18,,,7/19/2005
410.93,,,7/20/2005
412.67,,,7/21/2005
413.88,,,7/22/2005
415.7,,,7/25/2005
415.03,,,7/26/2005
415.54,,,7/27/2005
418.35,,,7/28/2005
422.38,,,7/29/2005
418.31,,,8/1/2005
417.27,,,8/2/2005
416.34,,,8/3/2005
417.5,,,8/4/2005
417.8,,,8/5/2005
421.93,,,8/8/2005
421.82,,,8/9/2005
419.96,,,8/10/2005
422.73,,,8/11/2005
429.14,,,8/12/2005
431.38,,,8/16/2005
431.57,,,8/17/2005
433.67,,,8/18/2005
435.8,,,8/19/2005
436.52,,,8/22/2005
438.44,,,8/23/2005
435.99,,,8/24/2005
435.24,,,8/25/2005
435.94,,,8/26/2005
435.71,,,8/29/2005
437.89,,,8/30/2005
438.69,,,8/31/2005
443.4,,,9/1/2005
451.3,,,9/2/2005
455.1,,,9/5/2005
455.5,,,9/6/2005
460.32,,,9/7/2005
461.24,,,9/8/2005
463.11,,,9/9/2005
466.4,,,9/12/2005
469.11,,,9/13/2005
481.82,,,9/14/2005
496.85,,,9/15/2005
495.83,,,9/16/2005
497.61,,,9/19/2005
497.6,,,9/20/2005
498.22,,,9/21/2005
502.72,,,9/22/2005
513.23,,,9/23/2005
513.77,,,9/26/2005
516.6,,,9/27/2005
518.75,,,9/28/2005
523.8,,,9/29/2005
523.04,,,9/30/2005
527.05,,,10/3/2005
531.11,,,10/4/2005
528.64,,,10/5/2005
520.81,,,10/6/2005
516.38,,,10/7/2005
521.58,,,10/10/2005
520.72,,,10/11/2005
512.05,,,10/12/2005
497.09,,,10/13/2005
500.68,,,10/14/2005
501.53,,,10/17/2005
496.83,,,10/18/2005
499.59,,,10/19/2005
499.79,,,10/20/2005
493.17,,,10/21/2005
493.57,,,10/24/2005
498.13,,,10/25/2005
495.16,,,10/26/2005
487.25,,,10/27/2005
485.14,,,10/28/2005
485.14,,,11/1/2005
479.74,,,11/2/2005
485.26,,,11/3/2005
483.84,,,11/4/2005
487.29,,,11/7/2005
489.91,,,11/8/2005
491.18,,,11/9/2005
491.83,,,11/10/2005
493.46,,,11/11/2005
490.93,,,11/14/2005
492.05,,,11/15/2005
490.98,,,11/16/2005
490.25,,,11/17/2005
488.73,,,11/18/2005
485.62,,,11/21/2005
482.52,,,11/22/2005
480.81,,,11/23/2005
477.1,,,11/24/2005
475.75,,,11/25/2005
458.79,,,11/28/2005
451.6,,,11/29/2005
447.31,,,11/30/2005
453.05,,,12/1/2005
455.14,,,12/2/2005
452.57,,,12/5/2005
447.94,,,12/6/2005
445.5,,,12/7/2005
443.61,,,12/8/2005
447.43,,,12/9/2005
448.21,,,12/12/2005
444.82,,,12/13/2005
442.11,,,12/14/2005
442.18,,,12/15/2005
435.2,,,12/16/2005
437.88,,,12/19/2005
434.83,,,12/20/2005
440.03,,,12/21/2005
446.42,,,12/22/2005
443.79,,,12/23/2005
445.23,,,12/28/2005
446.43,,,12/29/2005
448.76,,,12/30/2005
451.47,,,1/3/2006
454.83,,,1/4/2006
452.78,,,1/5/2006
451.03,,,1/6/2006
454.97,,,1/9/2006
453.86,,,1/10/2006
454.22,,,1/11/2006
453.32,,,1/12/2006
453.57,,,1/13/2006
459.55,,,1/16/2006
466.17,,,1/17/2006
460.11,,,1/18/2006
459.12,,,1/19/2006
456.2,,,1/20/2006
457.33,,,1/23/2006
458.46,,,1/24/2006
456.62,,,1/25/2006
455.73,,,1/26/2006
451.5,,,1/27/2006
447.21,,,1/30/2006
435.99,,,1/31/2006
431.63,,,2/1/2006
421.44,,,2/2/2006
420.54,,,2/3/2006
422.99,,,2/6/2006
427.59,,,2/7/2006
420.88,,,2/8/2006
421.27,,,2/9/2006
418.73,,,2/10/2006
412.08,,,2/13/2006
405.94,,,2/14/2006
407.49,,,2/15/2006
408.59,,,2/20/2006
405.57,,,2/21/2006
402.99,,,2/22/2006
391.7,,,2/23/2006
391.79,,,2/24/2006
395.53,,,2/27/2006
400.99,,,2/28/2006
404.03,,,3/1/2006
406.75,,,3/2/2006
402.56,,,3/3/2006
400.61,,,3/6/2006
400.65,,,3/7/2006
397.38,,,3/8/2006
400.72,,,3/9/2006
402.32,,,3/10/2006
400.57,,,3/14/2006
409.34,,,3/15/2006
408.83,,,3/16/2006
409.73,,,3/17/2006
412.4,,,3/20/2006
418.65,,,3/21/2006
425.79,,,3/22/2006
425.42,,,3/23/2006
424.34,,,3/24/2006
423.82,,,3/27/2006
436.55,,,3/28/2006
435.7,,,3/29/2006
430.48,,,3/30/2006
439.12,,,3/31/2006
436.67,,,4/3/2006
440.54,,,4/4/2006
440.89,,,4/5/2006
439.9,,,4/6/2006
443.49,,,4/7/2006
444.34,,,4/10/2006
443.94,,,4/11/2006
442.15,,,4/12/2006
442.87,,,4/13/2006
434.5,,,4/19/2006
429.46,,,4/20/2006
430.1,,,4/21/2006
426.52,,,4/24/2006
423.71,,,4/25/2006
414.26,,,4/26/2006
420.06,,,4/27/2006
420.29,,,4/28/2006
412.86,,,5/2/2006
411.98,,,5/3/2006
415.75,,,5/4/2006
415.49,,,5/5/2006
415.18,,,5/9/2006
416.05,,,5/10/2006
415.6,,,5/11/2006
416.05,,,5/12/2006
414.49,,,5/15/2006
407.81,,,5/16/2006
409.8,,,5/17/2006
410.89,,,5/18/2006
412.41,,,5/19/2006
405.49,,,5/22/2006
397.86,,,5/23/2006
392.53,,,5/24/2006
399.8,,,5/25/2006
393.57,,,5/26/2006
407.46,,,5/29/2006
410.51,,,5/30/2006
402.94,,,5/31/2006
403.77,,,6/1/2006
402.25,,,6/2/2006
401.33,,,6/5/2006
399.62,,,6/6/2006
396.79,,,6/7/2006
390.46,,,6/8/2006
392.02,,,6/9/2006
385.44,,,6/12/2006
371.86,,,6/13/2006
367.56,,,6/14/2006
370.3,,,6/15/2006
380.58,,,6/16/2006
382.49,,,6/19/2006
376.11,,,6/20/2006
377.57,,,6/21/2006
384.57,,,6/22/2006
386.74,,,6/23/2006
386.24,,,6/27/2006
385.29,,,6/28/2006
382.39,,,6/29/2006
385.48,,,6/30/2006
387.66,,,7/3/2006
389.12,,,7/4/2006
388.88,,,7/5/2006
385.98,,,7/10/2006
387.86,,,7/11/2006
388.54,,,7/12/2006
392.07,,,7/13/2006
389.95,,,7/14/2006
389.94,,,7/17/2006
390.44,,,7/18/2006
389.59,,,7/19/2006
389.47,,,7/20/2006
385.59,,,7/21/2006
387.61,,,7/24/2006
388.01,,,7/25/2006
391.13,,,7/26/2006
389.14,,,7/27/2006
390.83,,,7/28/2006
389.31,,,7/31/2006
387.29,,,8/1/2006
378.32,,,8/2/2006
367.72,,,8/3/2006
366.1,,,8/4/2006
371.95,,,8/7/2006
377.06,,,8/8/2006
378.64,,,8/9/2006
385.05,,,8/10/2006
384.57,,,8/11/2006
373.91,,,8/16/2006
377.28,,,8/17/2006
375.09,,,8/18/2006
377.6,,,8/21/2006
376.39,,,8/22/2006
376.14,,,8/23/2006
379.68,,,8/24/2006
381.75,,,8/25/2006
384.19,,,8/28/2006
385.68,,,8/29/2006
387.82,,,8/30/2006
389.71,,,8/31/2006
392.22,,,9/1/2006
392.93,,,9/4/2006
394.72,,,9/5/2006
399.9,,,9/6/2006
396.84,,,9/7/2006
404.92,,,9/8/2006
413.19,,,9/11/2006
419.72,,,9/12/2006
422.34,,,9/13/2006
420.37,,,9/14/2006
422.22,,,9/15/2006
417.64,,,9/18/2006
412.07,,,9/19/2006
416.87,,,9/20/2006
422.07,,,9/21/2006
423.65,,,9/22/2006
419.34,,,9/25/2006
417.51,,,9/26/2006
419.84,,,9/27/2006
417.83,,,9/28/2006
420.17,,,9/29/2006
420.92,,,10/2/2006
421.36,,,10/3/2006
422.42,,,10/4/2006
426.35,,,10/5/2006
427.46,,,10/6/2006
427.51,,,10/9/2006
428.09,,,10/10/2006
426.31,,,10/11/2006
423.6,,,10/12/2006
422.04,,,10/13/2006
406.34,,,10/16/2006
411.09,,,10/17/2006
416.52,,,10/18/2006
420.91,,,10/19/2006
421.48,,,10/20/2006
418.66,,,10/23/2006
417.52,,,10/24/2006
417.37,,,10/25/2006
417.29,,,10/26/2006
417.95,,,10/27/2006
416.99,,,10/30/2006
417.69,,,10/31/2006
415.06,,,11/2/2006
413.03,,,11/3/2006
413.54,,,11/6/2006
421.84,,,11/7/2006
428.69,,,11/8/2006
429.28,,,11/9/2006
428.05,,,11/10/2006
427.12,,,11/13/2006
427.46,,,11/14/2006
434.52,,,11/15/2006
436.77,,,11/16/2006
439.5,,,11/17/2006
442.82,,,11/20/2006
444.89,,,11/21/2006
446.11,,,11/22/2006
447.35,,,11/23/2006
444.71,,,11/24/2006
447.06,,,11/27/2006
448.51,,,11/28/2006
453.82,,,11/29/2006
459.04,,,11/30/2006
458.25,,,12/1/2006
457.74,,,12/4/2006
460.45,,,12/5/2006
462.6,,,12/6/2006
464.54,,,12/7/2006
468.44,,,12/8/2006
470.75,,,12/11/2006
473.01,,,12/12/2006
470.43,,,12/13/2006
475.93,,,12/14/2006
480.75,,,12/15/2006
481.35,,,12/18/2006
481.22,,,12/19/2006
483.76,,,12/20/2006
483.3,,,12/21/2006
487.95,,,12/22/2006
490.88,,,12/27/2006
494.29,,,12/28/2006
492.65,,,12/29/2006
493.48,,,1/2/2007
497.48,,,1/3/2007
500.98,,,1/4/2007
504.7,,,1/5/2007
505.7,,,1/8/2007
504.41,,,1/9/2007
502.26,,,1/10/2007
501.71,,,1/11/2007
504.03,,,1/12/2007
506.05,,,1/15/2007
507.76,,,1/16/2007
505.23,,,1/17/2007
512.15,,,1/18/2007
510.66,,,1/19/2007
517.59,,,1/22/2007
516.24,,,1/23/2007
516.85,,,1/24/2007
515.24,,,1/25/2007
514.42,,,1/26/2007
511.57,,,1/29/2007
512.6,,,1/30/2007
517.27,,,1/31/2007
520.33,,,2/1/2007
523,,,2/2/2007
527.25,,,2/5/2007
530.23,,,2/6/2007
528.59,,,2/7/2007
520.55,,,2/8/2007
523.61,,,2/9/2007
519.91,,,2/12/2007
513.91,,,2/13/2007
518.74,,,2/14/2007
519.83,,,2/15/2007
520.42,,,2/19/2007
518.55,,,2/20/2007
515.01,,,2/21/2007
514.44,,,2/22/2007
513.59,,,2/23/2007
513.21,,,2/26/2007
505.27,,,2/27/2007
491.83,,,2/28/2007
499.25,,,3/1/2007
485.14,,,3/2/2007
472.55,,,3/5/2007
481.15,,,3/6/2007
487.53,,,3/7/2007
491.9,,,3/8/2007
492.19,,,3/9/2007
494.21,,,3/13/2007
487.46,,,3/14/2007
491.1,,,3/15/2007
490.88,,,3/16/2007
493.58,,,3/19/2007
491.49,,,3/20/2007
486.17,,,3/21/2007
489.21,,,3/22/2007
490.6,,,3/23/2007
491.46,,,3/26/2007
491.52,,,3/27/2007
488.3,,,3/28/2007
490.48,,,3/29/2007
493.53,,,3/30/2007
492.01,,,4/2/2007
493.51,,,4/3/2007
498.05,,,4/4/2007
500.45,,,4/5/2007
502.08,,,4/11/2007
499.13,,,4/12/2007
500.26,,,4/13/2007
499.64,,,4/16/2007
499.2,,,4/17/2007
496.55,,,4/18/2007
488.84,,,4/19/2007
491.03,,,4/20/2007
490.5,,,4/23/2007
491.3,,,4/24/2007
495.17,,,4/25/2007
496.13,,,4/26/2007
492.28,,,4/27/2007
483.96,,,5/2/2007
483.35,,,5/3/2007
481.37,,,5/4/2007
482.31,,,5/8/2007
487.63,,,5/9/2007
485.38,,,5/10/2007
482.61,,,5/11/2007
483.86,,,5/14/2007
485.52,,,5/15/2007
486.22,,,5/16/2007
491.7,,,5/18/2007
494.23,,,5/21/2007
495.44,,,5/22/2007
497.29,,,5/23/2007
493.41,,,5/24/2007
493.26,,,5/25/2007
492.46,,,5/28/2007
492.64,,,5/29/2007
490,,,5/30/2007
492.22,,,5/31/2007
492.74,,,6/1/2007
496.22,,,6/4/2007
497.98,,,6/5/2007
499.15,,,6/6/2007
500.24,,,6/7/2007
499.02,,,6/8/2007
499.17,,,6/11/2007
495.3,,,6/12/2007
499.2,,,6/13/2007
503.04,,,6/14/2007
502.45,,,6/15/2007
507.74,,,6/18/2007
511.14,,,6/19/2007
513.13,,,6/20/2007
515.38,,,6/21/2007
522.05,,,6/22/2007
531.84,,,6/26/2007
532.98,,,6/27/2007
531.68,,,6/28/2007
532.9,,,6/29/2007
529.42,,,7/2/2007
536.74,,,7/3/2007
541.44,,,7/4/2007
540.32,,,7/5/2007
546.04,,,7/9/2007
547.72,,,7/10/2007
541.67,,,7/11/2007
543.14,,,7/12/2007
546.98,,,7/13/2007
546.18,,,7/16/2007
547.18,,,7/17/2007
545.53,,,7/18/2007
550.96,,,7/19/2007
556.98,,,7/20/2007
564.29,,,7/23/2007
573.08,,,7/24/2007
570.53,,,7/25/2007
572.16,,,7/26/2007
557.07,,,7/27/2007
555.19,,,7/30/2007
561.02,,,7/31/2007
552.68,,,8/1/2007
557.61,,,8/2/2007
559.18,,,8/3/2007
554.98,,,8/6/2007
557.58,,,8/7/2007
559.56,,,8/8/2007
560.01,,,8/9/2007
552.85,,,8/10/2007
556.61,,,8/13/2007
556.74,,,8/14/2007
540.92,,,8/16/2007
532.55,,,8/17/2007
544.68,,,8/20/2007
541.73,,,8/21/2007
544.55,,,8/22/2007
548.27,,,8/23/2007
545.17,,,8/24/2007
546.99,,,8/27/2007
544.64,,,8/28/2007
544.18,,,8/29/2007
544.46,,,8/30/2007
546.15,,,8/31/2007
546.8,,,9/3/2007
545.19,,,9/4/2007
547.07,,,9/5/2007
549.8,,,9/6/2007
553.51,,,9/7/2007
550.75,,,9/10/2007
552.49,,,9/11/2007
552.25,,,9/12/2007
553.03,,,9/13/2007
552.18,,,9/14/2007
552.24,,,9/17/2007
552.27,,,9/18/2007
559.06,,,9/19/2007
556.46,,,9/20/2007
556.14,,,9/21/2007
557.88,,,9/24/2007
558.06,,,9/25/2007
561.26,,,9/26/2007
565.08,,,9/27/2007
569.04,,,9/28/2007
569.79,,,10/1/2007
575.83,,,10/2/2007
580.94,,,10/3/2007
586.24,,,10/4/2007
588.37,,,10/5/2007
591.44,,,10/8/2007
588.64,,,10/9/2007
585.12,,,10/10/2007
581.96,,,10/11/2007
567.27,,,10/12/2007
577.2,,,10/15/2007
578.99,,,10/16/2007
577.85,,,10/17/2007
580.64,,,10/18/2007
580.05,,,10/19/2007
571.94,,,10/22/2007
573.53,,,10/23/2007
582.94,,,10/24/2007
582.88,,,10/25/2007
579.43,,,10/26/2007
576.73,,,10/29/2007
573.28,,,10/30/2007
565.42,,,10/31/2007
545.91,,,11/5/2007
544.04,,,11/6/2007
550.53,,,11/7/2007
543.23,,,11/8/2007
548.72,,,11/9/2007
544.83,,,11/12/2007
543.53,,,11/13/2007
542.67,,,11/14/2007
541.25,,,11/15/2007
543.21,,,11/16/2007
540.5,,,11/19/2007
531.83,,,11/20/2007
516.06,,,11/21/2007
508.2,,,11/22/2007
515.5,,,11/23/2007
523.21,,,11/26/2007
510.94,,,11/27/2007
511.2,,,11/28/2007
512.13,,,11/29/2007
509.83,,,11/30/2007
509.3,,,12/3/2007
508.02,,,12/4/2007
508.64,,,12/5/2007
502.94,,,12/6/2007
500.75,,,12/7/2007
494.98,,,12/10/2007
505.2,,,12/11/2007
502.7,,,12/12/2007
507.32,,,12/13/2007
514.26,,,12/14/2007
515.25,,,12/17/2007
510.86,,,12/18/2007
510.07,,,12/19/2007
506.52,,,12/20/2007
506.42,,,12/21/2007
507.13,,,12/27/2007
514.23,,,12/28/2007
516.56,,,1/2/2008
513.68,,,1/3/2008
517.23,,,1/4/2008
513.03,,,1/7/2008
512.49,,,1/8/2008
517.28,,,1/9/2008
516.79,,,1/10/2008
513.73,,,1/11/2008
507.08,,,1/14/2008
505.34,,,1/15/2008
487.67,,,1/16/2008
487.03,,,1/17/2008
483.9,,,1/18/2008
472.15,,,1/21/2008
453.3,,,1/22/2008
452.76,,,1/23/2008
457.24,,,1/24/2008
462.3,,,1/25/2008
458.3,,,1/28/2008
455.32,,,1/29/2008
461.18,,,1/30/2008
457.16,,,1/31/2008
463.26,,,2/1/2008
470.17,,,2/4/2008
469.21,,,2/5/2008
463.99,,,2/6/2008
466.06,,,2/7/2008
468.87,,,2/8/2008
468.83,,,2/11/2008
483.71,,,2/12/2008
480.55,,,2/13/2008
485.4,,,2/14/2008
484.37,,,2/15/2008
488.99,,,2/19/2008
488.94,,,2/20/2008
490.49,,,2/21/2008
491.79,,,2/22/2008
495.95,,,2/25/2008
501.01,,,2/26/2008
498.73,,,2/27/2008
498.27,,,2/28/2008
500.46,,,2/29/2008
492.26,,,3/3/2008
490.11,,,3/4/2008
491.56,,,3/5/2008
492.15,,,3/6/2008
488.88,,,3/7/2008
493.85,,,3/12/2008
488.77,,,3/13/2008
489.99,,,3/14/2008
482.01,,,3/17/2008
483.79,,,3/18/2008
477.5,,,3/19/2008
476.17,,,3/20/2008
471.65,,,3/26/2008
469.53,,,3/27/2008
469.93,,,3/28/2008
466.88,,,3/31/2008
466.44,,,4/1/2008
468.46,,,4/2/2008
465.41,,,4/3/2008
462.63,,,4/4/2008
458.67,,,4/7/2008
449.98,,,4/8/2008
448.85,,,4/9/2008
446.12,,,4/10/2008
453.34,,,4/11/2008
456.51,,,4/14/2008
455.16,,,4/15/2008
451.72,,,4/16/2008
450.74,,,4/17/2008
451.7,,,4/18/2008
446.07,,,4/21/2008
437.43,,,4/22/2008
432.14,,,4/23/2008
434.31,,,4/24/2008
440.76,,,4/25/2008
439.59,,,4/28/2008
441.32,,,4/29/2008
441.78,,,4/30/2008
440.19,,,5/6/2008
436.89,,,5/7/2008
436.65,,,5/8/2008
438.96,,,5/9/2008
433.17,,,5/12/2008
429.05,,,5/13/2008
422.97,,,5/14/2008
427.46,,,5/15/2008
423.19,,,5/16/2008
418.52,,,5/19/2008
417.24,,,5/20/2008
415.33,,,5/21/2008
410.17,,,5/22/2008
415.73,,,5/23/2008
424.27,,,5/26/2008
419.33,,,5/27/2008
425.28,,,5/28/2008
430.41,,,5/29/2008
431.64,,,5/30/2008
432.94,,,6/2/2008
422.13,,,6/3/2008
426.18,,,6/4/2008
429.23,,,6/5/2008
438.26,,,6/6/2008
435.54,,,6/9/2008
433.97,,,6/10/2008
432.38,,,6/11/2008
431.76,,,6/12/2008
432.77,,,6/13/2008
430.34,,,6/16/2008
429.54,,,6/17/2008
432.28,,,6/18/2008
431.51,,,6/19/2008
429.29,,,6/20/2008
430.46,,,6/25/2008
430.76,,,6/26/2008
427.71,,,6/27/2008
424.34,,,6/30/2008
424.32,,,7/1/2008
423.96,,,7/2/2008
417.98,,,7/3/2008
421.7,,,7/4/2008
421.41,,,7/8/2008
422.34,,,7/9/2008
417.83,,,7/10/2008
417.15,,,7/11/2008
415.55,,,7/14/2008
412.94,,,7/15/2008
408.76,,,7/16/2008
408.73,,,7/17/2008
406.25,,,7/18/2008
401.12,,,7/21/2008
393.27,,,7/22/2008
394.17,,,7/23/2008
403.59,,,7/24/2008
400.88,,,7/25/2008
400.69,,,7/28/2008
399.75,,,7/29/2008
400.7,,,7/30/2008
401.04,,,7/31/2008
398.76,,,8/1/2008
402.07,,,8/4/2008
402.06,,,8/5/2008
401.8,,,8/6/2008
401.48,,,8/7/2008
402.43,,,8/8/2008
403.7,,,8/11/2008
405.16,,,8/12/2008
401.99,,,8/13/2008
400.8,,,8/14/2008
401.51,,,8/18/2008
409.22,,,8/19/2008
415.56,,,8/20/2008
420.84,,,8/21/2008
428.98,,,8/22/2008
424.4,,,8/25/2008
422.48,,,8/26/2008
419.13,,,8/27/2008
419.51,,,8/28/2008
424.3,,,8/29/2008
427.24,,,9/1/2008
425.71,,,9/2/2008
426.94,,,9/3/2008
429.26,,,9/4/2008
422.44,,,9/5/2008
427.97,,,9/8/2008
424.67,,,9/9/2008
423.18,,,9/10/2008
416.89,,,9/11/2008
413.89,,,9/12/2008
398.56,,,9/15/2008
393.29,,,9/16/2008
388.42,,,9/17/2008
374.24,,,9/18/2008
374.79,,,9/19/2008
381.48,,,9/22/2008
365.56,,,9/23/2008
355.56,,,9/24/2008
357.36,,,9/25/2008
349.78,,,9/26/2008
332.17,,,9/29/2008
320.76,,,9/30/2008
328.23,,,10/1/2008
325.65,,,10/2/2008
316.84,,,10/3/2008
289.25,,,10/6/2008
266.17,,,10/7/2008
244.38,,,10/8/2008
272.8,,,10/9/2008
257.43,,,10/10/2008
275.7,,,10/13/2008
295.13,,,10/14/2008
283.45,,,10/15/2008
268.46,,,10/16/2008
264.15,,,10/17/2008
266.05,,,10/20/2008
264.55,,,10/21/2008
255.66,,,10/22/2008
251.25,,,10/23/2008
234.77,,,10/24/2008
227,,,10/27/2008
227.53,,,10/28/2008
231.55,,,10/29/2008
228.94,,,10/30/2008
225.83,,,10/31/2008
228.77,,,11/4/2008
226.17,,,11/5/2008
224.73,,,11/6/2008
224.67,,,11/7/2008
221.77,,,11/10/2008
215.69,,,11/11/2008
205.33,,,11/12/2008
201.11,,,11/13/2008
201.33,,,11/14/2008
198.09,,,11/17/2008
189.61,,,11/18/2008
188.8,,,11/19/2008
181.23,,,11/20/2008
183.01,,,11/21/2008
180.39,,,11/24/2008
184.03,,,11/25/2008
185.93,,,11/26/2008
184.23,,,11/27/2008
187.49,,,11/28/2008
185.8,,,12/1/2008
180.82,,,12/2/2008
179.13,,,12/3/2008
179.7,,,12/4/2008
176.66,,,12/5/2008
178.91,,,12/8/2008
179.02,,,12/9/2008
174.8,,,12/10/2008
172.71,,,12/11/2008
170.46,,,12/12/2008
173.39,,,12/15/2008
175.43,,,12/16/2008
174.76,,,12/17/2008
176,,,12/18/2008
173.6,,,12/19/2008
173.14,,,12/22/2008
173.19,,,12/23/2008
174.75,,,12/29/2008
179.25,,,12/30/2008
181.08,,,1/5/2009
188.33,,,1/6/2009
193.88,,,1/7/2009
187.76,,,1/8/2009
191.26,,,1/9/2009
191.17,,,1/12/2009
189.55,,,1/13/2009
192.27,,,1/14/2009
191.17,,,1/15/2009
190.31,,,1/16/2009
195.24,,,1/19/2009
192.38,,,1/20/2009
188.63,,,1/21/2009
190.15,,,1/22/2009
189.06,,,1/23/2009
191.09,,,1/26/2009
190.93,,,1/27/2009
191.76,,,1/28/2009
192.52,,,1/29/2009
191.26,,,1/30/2009
190.41,,,2/2/2009
187.83,,,2/3/2009
186.5,,,2/4/2009
187.86,,,2/5/2009
187.42,,,2/6/2009
187.97,,,2/9/2009
185.2,,,2/10/2009
184.77,,,2/11/2009
184.42,,,2/12/2009
185.49,,,2/13/2009
181.46,,,2/17/2009
176.17,,,2/18/2009
173.63,,,2/19/2009
169.24,,,2/20/2009
167.36,,,2/23/2009
160.35,,,2/24/2009
161.27,,,2/25/2009
161.44,,,2/26/2009
161.86,,,2/27/2009
155.67,,,3/2/2009
155.73,,,3/3/2009
156.13,,,3/4/2009
156.11,,,3/5/2009
154.39,,,3/6/2009
150.9,,,3/9/2009
149.92,,,3/10/2009
151.4,,,3/12/2009
153.04,,,3/13/2009
153.05,,,3/16/2009
151.86,,,3/17/2009
153.9,,,3/18/2009
152.6,,,3/19/2009
153.08,,,3/20/2009
152.96,,,3/23/2009
154.82,,,3/24/2009
157.71,,,3/25/2009
158.65,,,3/26/2009
160.09,,,3/27/2009
158.43,,,3/30/2009
159.86,,,3/31/2009
159.11,,,4/1/2009
160.4,,,4/2/2009
160.88,,,4/3/2009
160.3,,,4/6/2009
160.16,,,4/7/2009
162.31,,,4/8/2009
164.57,,,4/9/2009
164.04,,,4/14/2009
161.16,,,4/15/2009
161.01,,,4/16/2009
162.38,,,4/17/2009
162.42,,,4/20/2009
160.77,,,4/21/2009
162.14,,,4/22/2009
162.33,,,4/23/2009
162.26,,,4/24/2009
161.17,,,4/27/2009
161.11,,,4/28/2009
160.54,,,4/29/2009
162.12,,,4/30/2009
161.61,,,5/4/2009
160.61,,,5/5/2009
161.85,,,5/6/2009
163.6,,,5/7/2009
163.61,,,5/8/2009
167.96,,,5/11/2009
167.8,,,5/12/2009
166.71,,,5/13/2009
163.09,,,5/14/2009
164.67,,,5/15/2009
164.62,,,5/18/2009
168.05,,,5/19/2009
170.63,,,5/20/2009
170.38,,,5/22/2009
170.81,,,5/25/2009
170.8,,,5/26/2009
172.3,,,5/27/2009
176.59,,,5/28/2009
178.14,,,5/29/2009
183.32,,,6/1/2009
192.51,,,6/2/2009
190.6,,,6/3/2009
189.09,,,6/4/2009
191.04,,,6/5/2009
191.09,,,6/8/2009
191.56,,,6/9/2009
189,,,6/10/2009
188.24,,,6/11/2009
188.62,,,6/12/2009
186.58,,,6/15/2009
182.66,,,6/16/2009
177.86,,,6/17/2009
178.05,,,6/18/2009
179.62,,,6/19/2009
179.56,,,6/22/2009
180.29,,,6/23/2009
180.18,,,6/25/2009
180.68,,,6/26/2009
180.14,,,6/29/2009
180.42,,,6/30/2009
181.5,,,7/1/2009
179.74,,,7/2/2009
180.08,,,7/3/2009
180.42,,,7/7/2009
179.78,,,7/8/2009
180.95,,,7/9/2009
180.54,,,7/10/2009
180.73,,,7/13/2009
182.06,,,7/14/2009
181.7,,,7/15/2009
182.39,,,7/16/2009
182.14,,,7/17/2009
183.08,,,7/20/2009
183.99,,,7/21/2009
182.93,,,7/22/2009
184.14,,,7/23/2009
188.05,,,7/24/2009
194.25,,,7/27/2009
190.3,,,7/28/2009
190.64,,,7/29/2009
191.32,,,7/30/2009
193.72,,,7/31/2009
198.71,,,8/3/2009
200.21,,,8/4/2009
203.77,,,8/5/2009
209.43,,,8/6/2009
209.54,,,8/7/2009
212.13,,,8/10/2009
211.2,,,8/11/2009
212.79,,,8/12/2009
218.72,,,8/13/2009
223.47,,,8/14/2009
219.06,,,8/17/2009
220.68,,,8/18/2009
219.5,,,8/19/2009
221.23,,,8/20/2009
222.59,,,8/21/2009
248.29,,,8/24/2009
267.11,,,8/25/2009
267.1,,,8/26/2009
274.89,,,8/27/2009
285.33,,,8/28/2009
277.88,,,8/31/2009
277.45,,,9/1/2009
271.32,,,9/2/2009
271.16,,,9/3/2009
283.27,,,9/4/2009
299.34,,,9/7/2009
299.84,,,9/8/2009
308.97,,,9/9/2009
309.03,,,9/10/2009
306.26,,,9/11/2009
289.44,,,9/14/2009
303.16,,,9/15/2009
311.65,,,9/16/2009
307.88,,,9/17/2009
313.18,,,9/18/2009
317.66,,,9/21/2009
315.36,,,9/22/2009
324.78,,,9/23/2009
322.07,,,9/24/2009
314.34,,,9/25/2009
301.65,,,9/28/2009
308.57,,,9/29/2009
310.54,,,9/30/2009
308.11,,,10/1/2009
297.61,,,10/2/2009
289.34,,,10/5/2009
295.16,,,10/6/2009
294.79,,,10/7/2009
292.2,,,10/8/2009
287.96,,,10/9/2009
289.22,,,10/12/2009
285.37,,,10/13/2009
296.04,,,10/14/2009
288.01,,,10/15/2009
288.96,,,10/16/2009
287.47,,,10/19/2009
286.48,,,10/20/2009
280.34,,,10/21/2009
280.43,,,10/22/2009
286.45,,,10/23/2009
287.98,,,10/26/2009
286.01,,,10/27/2009
283.98,,,10/28/2009
282.83,,,10/29/2009
284.31,,,10/30/2009
280.75,,,11/2/2009
278.53,,,11/3/2009
277.83,,,11/4/2009
275.25,,,11/5/2009
276.69,,,11/6/2009
273.82,,,11/9/2009
273.4,,,11/10/2009
270.93,,,11/11/2009
270.76,,,11/12/2009
271.07,,,11/13/2009
271.06,,,11/16/2009
271.02,,,11/17/2009
270.35,,,11/18/2009
270.44,,,11/19/2009
269.23,,,11/20/2009
270.16,,,11/23/2009
271.07,,,11/24/2009
272.38,,,11/25/2009
271.8,,,11/26/2009
265.14,,,11/27/2009
263.66,,,11/30/2009
263.51,,,12/1/2009
264.15,,,12/2/2009
267.31,,,12/3/2009
267.42,,,12/4/2009
267.69,,,12/7/2009
264.87,,,12/8/2009
262.92,,,12/9/2009
259.89,,,12/10/2009
264.75,,,12/11/2009
263.42,,,12/14/2009
261.76,,,12/15/2009
261.1,,,12/16/2009
259.61,,,12/17/2009
257.4,,,12/18/2009
253.55,,,12/21/2009
252.97,,,12/22/2009
254.75,,,12/23/2009
254.69,,,12/28/2009
258.9,,,12/29/2009
261.77,,,12/30/2009
262.71,,,1/4/2010
261.69,,,1/5/2010
262.02,,,1/6/2010
264.6,,,1/7/2010
266.15,,,1/8/2010
272.89,,,1/11/2010
275.05,,,1/12/2010
279.31,,,1/13/2010
284.67,,,1/14/2010
289.29,,,1/15/2010
294.62,,,1/18/2010
291.48,,,1/19/2010
294.68,,,1/20/2010
294.65,,,1/21/2010
291.33,,,1/22/2010
294.79,,,1/25/2010
299.43,,,1/26/2010
306.89,,,1/27/2010
311.21,,,1/28/2010
315.16,,,1/29/2010
318.54,,,2/1/2010
328.47,,,2/2/2010
326.53,,,2/3/2010
320.04,,,2/4/2010
305.22,,,2/5/2010
312.64,,,2/8/2010
310.25,,,2/9/2010
309.39,,,2/10/2010
310.16,,,2/11/2010
309.2,,,2/12/2010
308.13,,,2/17/2010
307.05,,,2/18/2010
303.66,,,2/19/2010
302.57,,,2/22/2010
300.92,,,2/23/2010
300.45,,,2/24/2010
298.81,,,2/25/2010
301.75,,,2/26/2010
306.35,,,3/1/2010
307.06,,,3/2/2010
306.8,,,3/3/2010
307.72,,,3/4/2010
307.84,,,3/5/2010
310.51,,,3/8/2010
307.96,,,3/9/2010
311.17,,,3/10/2010
314.08,,,3/15/2010
318.48,,,3/16/2010
321.88,,,3/17/2010
317.37,,,3/18/2010
318.75,,,3/19/2010
315.59,,,3/22/2010
314.58,,,3/23/2010
313.05,,,3/24/2010
312.59,,,3/25/2010
313.83,,,3/26/2010
313.79,,,3/29/2010
312.34,,,3/30/2010
314.39,,,3/31/2010
316.77,,,4/1/2010
317.82,,,4/6/2010
317.7,,,4/7/2010
315.93,,,4/8/2010
318.99,,,4/9/2010
321.17,,,4/12/2010
319.73,,,4/13/2010
326.92,,,4/14/2010
327.63,,,4/15/2010
326.8,,,4/16/2010
324.83,,,4/19/2010
325.34,,,4/20/2010
322.41,,,4/21/2010
317.11,,,4/22/2010
317.53,,,4/23/2010
319.65,,,4/26/2010
318.77,,,4/27/2010
312.57,,,4/28/2010
311.99,,,4/29/2010
317.26,,,4/30/2010
317.21,,,5/3/2010
314.58,,,5/4/2010
312.23,,,5/5/2010
309.5,,,5/6/2010
303.07,,,5/7/2010
313.03,,,5/10/2010
312.48,,,5/11/2010
312.89,,,5/12/2010
310.21,,,5/14/2010
308.18,,,5/17/2010
308.14,,,5/18/2010
306.33,,,5/19/2010
299.43,,,5/20/2010
298.84,,,5/21/2010
302.63,,,5/24/2010
297.54,,,5/25/2010
297.52,,,5/26/2010
303.57,,,5/27/2010
308.08,,,5/28/2010
309.46,,,5/31/2010
306.6,,,6/1/2010
308.95,,,6/2/2010
310.16,,,6/3/2010
309.04,,,6/4/2010
308.97,,,6/7/2010
308.58,,,6/8/2010
309.32,,,6/9/2010
309.48,,,6/10/2010
311.15,,,6/11/2010
314.36,,,6/14/2010
315.43,,,6/15/2010
316.4,,,6/16/2010
315.27,,,6/17/2010
315.99,,,6/18/2010
316.66,,,6/21/2010
312.94,,,6/22/2010
313.3,,,6/23/2010
310.73,,,6/28/2010
308.77,,,6/29/2010
305.49,,,6/30/2010
305.7,,,7/1/2010
306.71,,,7/2/2010
306.18,,,7/7/2010
308.89,,,7/8/2010
309.64,,,7/9/2010
309.12,,,7/12/2010
308.91,,,7/13/2010
308.63,,,7/14/2010
309.54,,,7/15/2010
310.07,,,7/16/2010
308.88,,,7/19/2010
308.09,,,7/20/2010
310.79,,,7/21/2010
311.83,,,7/22/2010
313.81,,,7/23/2010
314.6,,,7/26/2010
315.33,,,7/27/2010
315.56,,,7/28/2010
314.12,,,7/29/2010
313.08,,,7/30/2010
314.76,,,8/2/2010
316.22,,,8/3/2010
317.38,,,8/4/2010
321.92,,,8/5/2010
322.39,,,8/6/2010
323.72,,,8/9/2010
321.85,,,8/10/2010
320.55,,,8/11/2010
319.14,,,8/12/2010
322.52,,,8/13/2010
324.04,,,8/16/2010
326.24,,,8/17/2010
326.81,,,8/18/2010
327.5,,,8/19/2010
326.31,,,8/20/2010
327.71,,,8/23/2010
324.51,,,8/24/2010
323.07,,,8/25/2010
325.44,,,8/26/2010
325.14,,,8/27/2010
326.31,,,8/30/2010
326.36,,,8/31/2010
329.02,,,9/1/2010
333.16,,,9/2/2010
336.07,,,9/3/2010
338.35,,,9/6/2010
350.9,,,9/7/2010
346.78,,,9/8/2010
350.16,,,9/9/2010
352.24,,,9/10/2010
355.03,,,9/13/2010
352.48,,,9/14/2010
354.18,,,9/15/2010
356.3,,,9/16/2010
358.52,,,9/17/2010
363.3,,,9/20/2010
359.04,,,9/21/2010
358.83,,,9/22/2010
354.49,,,9/23/2010
356.29,,,9/24/2010
357.35,,,9/27/2010
357.83,,,9/28/2010
359.18,,,9/29/2010
359.77,,,9/30/2010
363.36,,,10/1/2010
362.87,,,10/4/2010
364.7,,,10/5/2010
366.59,,,10/6/2010
368.26,,,10/7/2010
370.45,,,10/8/2010
378.43,,,10/11/2010
375.78,,,10/12/2010
378.45,,,10/13/2010
377.09,,,10/14/2010
377.87,,,10/15/2010
376.2,,,10/18/2010
377.42,,,10/19/2010
375.83,,,10/20/2010
379.61,,,10/21/2010
381.41,,,10/22/2010
381.29,,,10/25/2010
382.29,,,10/26/2010
381.95,,,10/27/2010
383.69,,,10/28/2010
385.93,,,10/29/2010
387.92,,,11/2/2010
391.49,,,11/3/2010
396.95,,,11/4/2010
397.99,,,11/5/2010
397.04,,,11/8/2010
399.81,,,11/9/2010
397.38,,,11/10/2010
400.47,,,11/11/2010
398.45,,,11/12/2010
398.84,,,11/15/2010
395.03,,,11/16/2010
394.38,,,11/17/2010
400.92,,,11/18/2010
403.36,,,11/19/2010
403.62,,,11/22/2010
399.45,,,11/23/2010
398.69,,,11/24/2010
403.46,,,11/25/2010
406.95,,,11/26/2010
411.73,,,11/29/2010
411.94,,,11/30/2010
418.33,,,12/1/2010
418.43,,,12/2/2010
415.82,,,12/3/2010
414.89,,,12/6/2010
415.63,,,12/7/2010
414.67,,,12/8/2010
406.2,,,12/9/2010
404.29,,,12/10/2010
409.54,,,12/13/2010
407.66,,,12/14/2010
407.16,,,12/15/2010
409.11,,,12/16/2010
410.17,,,12/17/2010
410.15,,,12/20/2010
410.85,,,12/21/2010
409.94,,,12/22/2010
409.76,,,12/23/2010
407.76,,,12/27/2010
406.31,,,12/28/2010
407.47,,,12/29/2010
409.65,,,12/30/2010
407.39,,,1/3/2011
408.03,,,1/4/2011
405.77,,,1/5/2011
406.47,,,1/6/2011
403.58,,,1/7/2011
400.6,,,1/10/2011
402.84,,,1/11/2011
404.69,,,1/12/2011
404.75,,,1/13/2011
404.02,,,1/14/2011
402.44,,,1/17/2011
409.01,,,1/18/2011
416.04,,,1/19/2011
421.54,,,1/20/2011
418.83,,,1/21/2011
416.66,,,1/24/2011
408.09,,,1/25/2011
404.88,,,1/26/2011
407.5,,,1/27/2011
407.94,,,1/28/2011
407.11,,,1/31/2011
406.61,,,2/1/2011
408.82,,,2/2/2011
408.39,,,2/3/2011
411.46,,,2/4/2011
414.7,,,2/7/2011
417.02,,,2/8/2011
421.44,,,2/9/2011
420,,,2/10/2011
420.23,,,2/11/2011
421.72,,,2/14/2011
421.55,,,2/15/2011
421.04,,,2/17/2011
420.73,,,2/18/2011
417.02,,,2/21/2011
413.63,,,2/22/2011
413.67,,,2/23/2011
410.92,,,2/24/2011
412.4,,,2/25/2011
411.38,,,2/28/2011
412.77,,,3/1/2011
409.36,,,3/2/2011
409.47,,,3/3/2011
407.7,,,3/4/2011
404.23,,,3/7/2011
403.62,,,3/8/2011
400.59,,,3/9/2011
394.23,,,3/10/2011
383.13,,,3/14/2011
363.38,,,3/15/2011
384.18,,,3/16/2011
388.21,,,3/17/2011
392.91,,,3/18/2011
394.6,,,3/21/2011
396.28,,,3/22/2011
396.6,,,3/23/2011
395.38,,,3/24/2011
401.79,,,3/25/2011
405.55,,,3/28/2011
398.19,,,3/29/2011
400.9,,,3/30/2011
400.13,,,3/31/2011
399.56,,,4/1/2011
398.6,,,4/4/2011
395.5,,,4/5/2011
395.97,,,4/6/2011
394.66,,,4/7/2011
393.18,,,4/8/2011
391.25,,,4/11/2011
389.04,,,4/12/2011
387.17,,,4/13/2011
388.7,,,4/14/2011
387.35,,,4/15/2011
384.43,,,4/18/2011
379.65,,,4/19/2011
381.97,,,4/20/2011
385.5,,,4/21/2011
382.14,,,4/26/2011
383.27,,,4/27/2011
383.21,,,4/28/2011
385.37,,,4/29/2011
383.13,,,5/2/2011
381.85,,,5/3/2011
378.58,,,5/4/2011
377.57,,,5/5/2011
373.75,,,5/6/2011
367.17,,,5/9/2011
368.84,,,5/10/2011
370.31,,,5/11/2011
368.16,,,5/12/2011
369.65,,,5/13/2011
367.13,,,5/16/2011
366.19,,,5/17/2011
364.76,,,5/18/2011
365.72,,,5/19/2011
369.61,,,5/20/2011
366.83,,,5/23/2011
389.14,,,5/24/2011
395.58,,,5/25/2011
398.64,,,5/26/2011
403.01,,,5/27/2011
402.94,,,5/30/2011
397.92,,,5/31/2011
392.57,,,6/1/2011
395.21,,,6/3/2011
395.13,,,6/6/2011
395.47,,,6/7/2011
396,,,6/8/2011
393.6,,,6/9/2011
393.35,,,6/10/2011
388.61,,,6/13/2011
391.07,,,6/14/2011
395.49,,,6/15/2011
393.94,,,6/16/2011
395.85,,,6/17/2011
395.22,,,6/20/2011
396.88,,,6/21/2011
398.55,,,6/22/2011
399.7,,,6/23/2011
398.24,,,6/27/2011
396.31,,,6/28/2011
396.16,,,6/29/2011
396.35,,,6/30/2011
397.01,,,7/1/2011
398.05,,,7/4/2011
404.25,,,7/5/2011
408.84,,,7/7/2011
409.27,,,7/8/2011
405.39,,,7/11/2011
399.42,,,7/12/2011
401.77,,,7/13/2011
401.25,,,7/14/2011
402.05,,,7/15/2011
401.31,,,7/18/2011
400.3,,,7/19/2011
399.76,,,7/20/2011
401.69,,,7/21/2011
401.62,,,7/22/2011
399.18,,,7/25/2011
399.22,,,7/26/2011
400.88,,,7/27/2011
399.65,,,7/28/2011
398.39,,,7/29/2011
401.17,,,8/1/2011
399.68,,,8/2/2011
394.94,,,8/3/2011
390.96,,,8/4/2011
380.75,,,8/5/2011
361.41,,,8/8/2011
349.77,,,8/9/2011
365.52,,,8/10/2011
361.49,,,8/11/2011
367.07,,,8/12/2011
366.24,,,8/16/2011
371.29,,,8/17/2011
365.48,,,8/18/2011
357.51,,,8/19/2011
360.94,,,8/22/2011
366.04,,,8/23/2011
364.31,,,8/24/2011
367.77,,,8/25/2011
363.69,,,8/26/2011
368.06,,,8/29/2011
370.92,,,8/30/2011
373.47,,,8/31/2011
370.7,,,9/1/2011
364.54,,,9/2/2011
358.69,,,9/5/2011
356.2,,,9/6/2011
360.51,,,9/7/2011
360.17,,,9/8/2011
358.87,,,9/9/2011
350.54,,,9/12/2011
351.88,,,9/13/2011
352.36,,,9/14/2011
355.02,,,9/15/2011
354.84,,,9/16/2011
347.85,,,9/19/2011
345.85,,,9/20/2011
345.1,,,9/21/2011
333.68,,,9/22/2011
330.05,,,9/23/2011
333.84,,,9/26/2011
341.97,,,9/27/2011
339.1,,,9/28/2011
336.83,,,9/29/2011
332.79,,,9/30/2011
329.28,,,10/3/2011
322.85,,,10/4/2011
322.16,,,10/5/2011
329.03,,,10/6/2011
330.48,,,10/7/2011
336.39,,,10/10/2011
336.16,,,10/11/2011
337.77,,,10/12/2011
336.49,,,10/13/2011
338.5,,,10/14/2011
342.79,,,10/17/2011
337.33,,,10/18/2011
342.13,,,10/19/2011
341.31,,,10/20/2011
345.58,,,10/21/2011
345,,,10/24/2011
344.76,,,10/25/2011
345.97,,,10/26/2011
355.23,,,10/27/2011
355.95,,,10/28/2011
347.47,,,11/2/2011
346.06,,,11/3/2011
348.76,,,11/4/2011
348.05,,,11/7/2011
349.74,,,11/8/2011
346.43,,,11/9/2011
345.11,,,11/10/2011
347.08,,,11/11/2011
347.39,,,11/14/2011
345.36,,,11/15/2011
345.96,,,11/16/2011
307.03,,,11/17/2011
309.72,,,11/18/2011
306.21,,,11/21/2011
301.09,,,11/22/2011
296.12,,,11/23/2011
294.26,,,11/24/2011
286.86,,,11/25/2011
294.86,,,11/28/2011
293.81,,,11/29/2011
299.38,,,11/30/2011
299.31,,,12/1/2011
301.3,,,12/2/2011
299.88,,,12/5/2011
298.79,,,12/6/2011
299.46,,,12/7/2011
297.02,,,12/8/2011
297.45,,,12/9/2011
296.56,,,12/12/2011
294.79,,,12/13/2011
291.23,,,12/14/2011
289.63,,,12/15/2011
291.2,,,12/16/2011
292.17,,,12/19/2011
293.57,,,12/20/2011
296.23,,,12/21/2011
297.62,,,12/22/2011
298.01,,,12/23/2011
296.24,,,12/27/2011
297.09,,,12/28/2011
298.97,,,12/29/2011
298.78,,,12/30/2011
298.99,,,1/2/2012
302.44,,,1/3/2012
302.45,,,1/4/2012
302.09,,,1/5/2012
303.87,,,1/6/2012
303.67,,,1/9/2012
307.18,,,1/10/2012
306.32,,,1/11/2012
307,,,1/12/2012
307.77,,,1/13/2012
306.61,,,1/16/2012
311.78,,,1/17/2012
314.92,,,1/18/2012
313.59,,,1/19/2012
313.03,,,1/20/2012
311.64,,,1/23/2012
311.01,,,1/24/2012
311.29,,,1/25/2012
313.05,,,1/26/2012
312.16,,,1/27/2012
311.08,,,1/30/2012
310.99,,,1/31/2012
313.75,,,2/1/2012
314.99,,,2/2/2012
316.92,,,2/3/2012
317.5,,,2/6/2012
317.64,,,2/7/2012
320.9,,,2/8/2012
320.62,,,2/9/2012
319.08,,,2/10/2012
320.01,,,2/13/2012
320.26,,,2/14/2012
319.57,,,2/15/2012
320.28,,,2/17/2012
319.98,,,2/20/2012
320.43,,,2/21/2012
319.01,,,2/22/2012
316.69,,,2/23/2012
317.71,,,2/24/2012
316.31,,,2/27/2012
315.83,,,2/28/2012
314.75,,,2/29/2012
313.55,,,3/1/2012
315.6,,,3/2/2012
317.34,,,3/5/2012
313.91,,,3/6/2012
314.4,,,3/7/2012
314.62,,,3/8/2012
314.71,,,3/9/2012
311.93,,,3/12/2012
312.05,,,3/13/2012
314.64,,,3/14/2012
315.4,,,3/15/2012
315.42,,,3/16/2012
316.34,,,3/19/2012
315.55,,,3/20/2012
316.58,,,3/21/2012
317.58,,,3/22/2012
316.37,,,3/23/2012
316.43,,,3/26/2012
318.08,,,3/27/2012
317.53,,,3/28/2012
315.61,,,3/29/2012
314.85,,,3/30/2012
316.12,,,4/2/2012
318.41,,,4/3/2012
315.94,,,4/4/2012
317.08,,,4/5/2012
317.8,,,4/10/2012
317.83,,,4/11/2012
319.74,,,4/12/2012
321.09,,,4/13/2012
320.41,,,4/16/2012
321.29,,,4/17/2012
321.78,,,4/18/2012
322.4,,,4/19/2012
323.77,,,4/20/2012
321.83,,,4/23/2012
321.34,,,4/24/2012
321.56,,,4/25/2012
321.31,,,4/26/2012
325.95,,,4/27/2012
330.72,,,4/30/2012
330.3,,,5/2/2012
330.78,,,5/3/2012
331.63,,,5/4/2012
332.3,,,5/7/2012
338.12,,,5/8/2012
338.01,,,5/9/2012
344.61,,,5/10/2012
344.54,,,5/11/2012
342.42,,,5/14/2012
341.23,,,5/15/2012
335.37,,,5/16/2012
335.23,,,5/18/2012
337.44,,,5/21/2012
339.28,,,5/22/2012
336.66,,,5/23/2012
338.21,,,5/24/2012
338.11,,,5/25/2012
337.68,,,5/28/2012
337.24,,,5/29/2012
337.34,,,5/30/2012
335.15,,,5/31/2012
332.69,,,6/1/2012
329.58,,,6/4/2012
331.43,,,6/5/2012
334.23,,,6/6/2012
336.05,,,6/7/2012
334.34,,,6/8/2012
337.02,,,6/11/2012
336.13,,,6/12/2012
334.93,,,6/13/2012
334.79,,,6/14/2012
335.62,,,6/15/2012
338.65,,,6/18/2012
338.19,,,6/19/2012
339.69,,,6/20/2012
340.88,,,6/21/2012
341.82,,,6/22/2012
338.94,,,6/25/2012
338.73,,,6/26/2012
337.53,,,6/27/2012
338.16,,,6/28/2012
339.89,,,6/29/2012
339.75,,,7/2/2012
339.69,,,7/3/2012
339.24,,,7/4/2012
340.55,,,7/5/2012
338.81,,,7/9/2012
340.2,,,7/10/2012
339.01,,,7/11/2012
339.32,,,7/12/2012
340.43,,,7/13/2012
340.03,,,7/16/2012
339.91,,,7/17/2012
342.06,,,7/18/2012
345.53,,,7/19/2012
347.84,,,7/20/2012
342.52,,,7/23/2012
346.1,,,7/24/2012
346.02,,,7/25/2012
346.67,,,7/26/2012
348.32,,,7/27/2012
347.7,,,7/30/2012
346.99,,,7/31/2012
345.83,,,8/1/2012
346.85,,,8/2/2012
347,,,8/3/2012
349.37,,,8/6/2012
348.4,,,8/7/2012
350.56,,,8/8/2012
349.29,,,8/9/2012
351.31,,,8/10/2012
349.33,,,8/13/2012
348.05,,,8/14/2012
349.54,,,8/16/2012
349.27,,,8/17/2012
350.62,,,8/20/2012
350.2,,,8/21/2012
349.76,,,8/22/2012
349.75,,,8/23/2012
349.86,,,8/24/2012
350.83,,,8/27/2012
348.21,,,8/28/2012
349.42,,,8/29/2012
349.17,,,8/30/2012
347.38,,,8/31/2012
349.98,,,9/3/2012
347.82,,,9/4/2012
347.01,,,9/5/2012
346.79,,,9/6/2012
349.29,,,9/7/2012
347.64,,,9/10/2012
347.11,,,9/11/2012
346.53,,,9/12/2012
345.93,,,9/13/2012
346.54,,,9/14/2012
346.56,,,9/17/2012
345.36,,,9/18/2012
346.9,,,9/19/2012
346.9,,,9/20/2012
347.13,,,9/21/2012
346.9,,,9/24/2012
344.44,,,9/25/2012
342.84,,,9/26/2012
342.99,,,9/27/2012
343.8,,,9/28/2012
344.87,,,10/1/2012
344.47,,,10/2/2012
343.93,,,10/3/2012
343.63,,,10/4/2012
345.37,,,10/5/2012
345.67,,,10/8/2012
345.45,,,10/9/2012
346.97,,,10/10/2012
349.24,,,10/11/2012
351.27,,,10/12/2012
349.47,,,10/15/2012
351.85,,,10/16/2012
351.22,,,10/17/2012
352.19,,,10/18/2012
351.46,,,10/19/2012
349.98,,,10/22/2012
348.43,,,10/23/2012
348.7,,,10/24/2012
349.89,,,10/25/2012
350.13,,,10/26/2012
350.42,,,10/29/2012
348,,,10/30/2012
346.19,,,10/31/2012
346.93,,,11/2/2012
346.08,,,11/5/2012
345.95,,,11/6/2012
344.74,,,11/7/2012
341.89,,,11/8/2012
342.01,,,11/9/2012
341.49,,,11/12/2012
341.32,,,11/13/2012
342.51,,,11/14/2012
344.84,,,11/15/2012
343.36,,,11/16/2012
343.85,,,11/19/2012
344.37,,,11/20/2012
347.2,,,11/21/2012
352.25,,,11/22/2012
352.78,,,11/23/2012
350,,,11/26/2012
348.1,,,11/27/2012
348.9,,,11/28/2012
348.98,,,11/29/2012
350.2,,,11/30/2012
349.75,,,12/3/2012
349.23,,,12/4/2012
348.27,,,12/5/2012
349.6,,,12/6/2012
350.78,,,12/7/2012
349.85,,,12/10/2012
349.82,,,12/11/2012
351.37,,,12/12/2012
351.93,,,12/13/2012
351.9,,,12/14/2012
351.75,,,12/17/2012
352,,,12/18/2012
351.76,,,12/19/2012
352.38,,,12/20/2012
352.23,,,12/21/2012
354.32,,,12/27/2012
355.08,,,12/28/2012
362.17,,,1/2/2013
362.46,,,1/3/2013
362.7,,,1/4/2013
368.34,,,1/7/2013
366.43,,,1/8/2013
366.33,,,1/9/2013
367.06,,,1/10/2013
370.41,,,1/11/2013
369.52,,,1/14/2013
367.57,,,1/15/2013
367.85,,,1/16/2013
370.66,,,1/17/2013
369.37,,,1/18/2013
369.51,,,1/21/2013
368.48,,,1/22/2013
370.59,,,1/23/2013
373.81,,,1/24/2013
374.42,,,1/25/2013
375.74,,,1/28/2013
376.49,,,1/29/2013
374.21,,,1/30/2013
373.73,,,1/31/2013
373.47,,,2/1/2013
373.44,,,2/4/2013
371.13,,,2/5/2013
372.49,,,2/6/2013
372.34,,,2/7/2013
370.15,,,2/8/2013
371.72,,,2/11/2013
370.24,,,2/12/2013
372.9,,,2/13/2013
372.79,,,2/14/2013
373.68,,,2/15/2013
373.86,,,2/18/2013
373.6,,,2/19/2013
374.1,,,2/20/2013
374.2,,,2/21/2013
373.63,,,2/22/2013
374.39,,,2/25/2013
374.21,,,2/26/2013
369.23,,,2/27/2013
368.69,,,2/28/2013
367.31,,,3/1/2013
370.86,,,3/4/2013
371.84,,,3/5/2013
372.5,,,3/6/2013
377.37,,,3/7/2013
380.25,,,3/8/2013
382.43,,,3/12/2013
384.91,,,3/13/2013
387.56,,,3/14/2013
388.44,,,3/15/2013
387.96,,,3/18/2013
388.42,,,3/19/2013
388.34,,,3/20/2013
387.86,,,3/21/2013
387.84,,,3/22/2013
390.2,,,3/25/2013
390.98,,,3/26/2013
393.76,,,3/27/2013
393.63,,,3/28/2013
390.61,,,4/2/2013
392.13,,,4/3/2013
394.22,,,4/4/2013
394.09,,,4/5/2013
393.13,,,4/8/2013
393.68,,,4/9/2013
394.2,,,4/10/2013
393.44,,,4/11/2013
393.61,,,4/12/2013
391.94,,,4/15/2013
390.03,,,4/16/2013
388.99,,,4/17/2013
388.6,,,4/18/2013
391.18,,,4/19/2013
391.43,,,4/22/2013
391.42,,,4/23/2013
391.68,,,4/24/2013
392.15,,,4/25/2013
392.29,,,4/26/2013
392.68,,,4/29/2013
396.11,,,4/30/2013
395.68,,,5/2/2013
393.47,,,5/3/2013
394.34,,,5/6/2013
392.07,,,5/7/2013
395.03,,,5/8/2013
393.17,,,5/10/2013
393,,,5/13/2013
393.77,,,5/14/2013
396.39,,,5/15/2013
396.22,,,5/16/2013
395.97,,,5/17/2013
394.31,,,5/20/2013
395.2,,,5/21/2013
393.62,,,5/22/2013
389.76,,,5/23/2013
393.83,,,5/24/2013
391.77,,,5/27/2013
392.28,,,5/28/2013
394.01,,,5/29/2013
395.2,,,5/30/2013
399.71,,,5/31/2013
399.73,,,6/3/2013
400.16,,,6/4/2013
400.39,,,6/5/2013
400.2,,,6/6/2013
400.24,,,6/7/2013
399.62,,,6/10/2013
400.24,,,6/11/2013
398.72,,,6/12/2013
398.58,,,6/13/2013
399.26,,,6/14/2013
402.38,,,6/17/2013
402.52,,,6/18/2013
403.95,,,6/19/2013
402.86,,,6/20/2013
403.74,,,6/21/2013
403.22,,,6/25/2013
402.8,,,6/26/2013
403.83,,,6/27/2013
403.99,,,6/28/2013
406.1,,,7/1/2013
407.4,,,7/2/2013
405.33,,,7/3/2013
408.72,,,7/4/2013
411.87,,,7/5/2013
410.18,,,7/8/2013
411.12,,,7/9/2013
411.93,,,7/10/2013
413.64,,,7/11/2013
413.18,,,7/12/2013
413.03,,,7/15/2013
413.65,,,7/16/2013
412.08,,,7/17/2013
412.03,,,7/18/2013
414.22,,,7/19/2013
411.85,,,7/22/2013
413.1,,,7/23/2013
413.1,,,7/24/2013
409.9,,,7/25/2013
410.2,,,7/26/2013
409.65,,,7/29/2013
409.7,,,7/30/2013
411.45,,,7/31/2013
411.43,,,8/1/2013
412.54,,,8/2/2013
413.17,,,8/5/2013
413.39,,,8/6/2013
414.92,,,8/7/2013
414.04,,,8/8/2013
416.6,,,8/9/2013
416.71,,,8/12/2013
416.97,,,8/13/2013
416.82,,,8/14/2013
415.96,,,8/16/2013
416.85,,,8/19/2013
415.14,,,8/20/2013
416.27,,,8/21/2013
415.13,,,8/22/2013
415.33,,,8/23/2013
416.58,,,8/26/2013
413.74,,,8/27/2013
409.9,,,8/28/2013
411.46,,,8/29/2013
412.87,,,8/30/2013
412.99,,,9/2/2013
411.09,,,9/3/2013
413.22,,,9/4/2013
413.66,,,9/5/2013
414.24,,,9/6/2013
414.97,,,9/9/2013
415.93,,,9/10/2013
414.8,,,9/11/2013
414.55,,,9/12/2013
412.91,,,9/13/2013
413.66,,,9/16/2013
412.2,,,9/17/2013
412.43,,,9/18/2013
413.98,,,9/19/2013
415.23,,,9/20/2013
415.65,,,9/23/2013
421.88,,,9/24/2013
421.52,,,9/25/2013
422.73,,,9/26/2013
421.01,,,9/27/2013
421.98,,,9/30/2013
420.96,,,10/1/2013
419.85,,,10/2/2013
419.49,,,10/3/2013
419.16,,,10/4/2013
418.23,,,10/7/2013
417.5,,,10/8/2013
417.61,,,10/9/2013
418.75,,,10/10/2013
420.77,,,10/11/2013
419.22,,,10/14/2013
419.66,,,10/15/2013
417.96,,,10/16/2013
419.31,,,10/17/2013
418.46,,,10/18/2013
417.08,,,10/21/2013
417.45,,,10/22/2013
417.91,,,10/23/2013
417.85,,,10/24/2013
417.88,,,10/25/2013
417.47,,,10/28/2013
417.62,,,10/29/2013
416.49,,,10/30/2013
416.65,,,10/31/2013
416.83,,,11/4/2013
415,,,11/5/2013
414.83,,,11/6/2013
416.12,,,11/7/2013
414.61,,,11/8/2013
414.45,,,11/11/2013
415.51,,,11/12/2013
415.4,,,11/13/2013
414.75,,,11/14/2013
414.45,,,11/15/2013
412.8,,,11/18/2013
412.37,,,11/19/2013
412.23,,,11/20/2013
410.93,,,11/21/2013
411.57,,,11/22/2013
413.24,,,11/25/2013
412.57,,,11/26/2013
412.23,,,11/27/2013
412.62,,,11/28/2013
413.2,,,11/29/2013
411.3,,,12/2/2013
409.75,,,12/3/2013
407.07,,,12/4/2013
407.03,,,12/5/2013
407.08,,,12/6/2013
407.54,,,12/9/2013
407.8,,,12/10/2013
407.48,,,12/11/2013
408.15,,,12/12/2013
409.52,,,12/13/2013
409.03,,,12/16/2013
405.75,,,12/17/2013
407.83,,,12/18/2013
408.11,,,12/19/2013
408.94,,,12/20/2013
410.59,,,12/23/2013
415.2,,,12/27/2013
421.6,,,12/30/2013
434.05,,,1/2/2014
436.68,,,1/3/2014
436.72,,,1/6/2014
436.18,,,1/7/2014
437.9,,,1/8/2014
437.06,,,1/9/2014
438.85,,,1/10/2014
440.64,,,1/13/2014
440.39,,,1/14/2014
444.69,,,1/15/2014
445.89,,,1/16/2014
446.31,,,1/17/2014
447.79,,,1/20/2014
449.07,,,1/21/2014
451.2,,,1/22/2014
454.86,,,1/23/2014
451.37,,,1/24/2014
444.89,,,1/27/2014
450.19,,,1/28/2014
452.56,,,1/29/2014
451.34,,,1/30/2014
453.61,,,1/31/2014
452.37,,,2/3/2014
451.29,,,2/4/2014
451.28,,,2/5/2014
452.29,,,2/6/2014
454.45,,,2/7/2014
455.17,,,2/10/2014
456.97,,,2/11/2014
457.49,,,2/12/2014
457.01,,,2/13/2014
455.92,,,2/14/2014
456.16,,,2/17/2014
457.55,,,2/18/2014
456.71,,,2/19/2014
455.48,,,2/20/2014
455.49,,,2/21/2014
457.75,,,2/24/2014
456.55,,,2/25/2014
454.16,,,2/26/2014
455.91,,,2/27/2014
457.99,,,2/28/2014
440.72,,,3/3/2014
445.97,,,3/4/2014
449.25,,,3/5/2014
445.95,,,3/6/2014
445.85,,,3/7/2014
444.19,,,3/10/2014
443.45,,,3/12/2014
439.75,,,3/13/2014
429.67,,,3/14/2014
435.74,,,3/17/2014
441.27,,,3/18/2014
442.09,,,3/19/2014
443.09,,,3/20/2014
446.94,,,3/21/2014
452.59,,,3/24/2014
451.92,,,3/25/2014
451.57,,,3/26/2014
453.12,,,3/27/2014
450.6,,,3/28/2014
451.48,,,3/31/2014
452.73,,,4/1/2014
453.1,,,4/2/2014
454.1,,,4/3/2014
453.61,,,4/4/2014
451.25,,,4/7/2014
453.32,,,4/8/2014
454.63,,,4/9/2014
453.71,,,4/10/2014
453.48,,,4/11/2014
449.13,,,4/14/2014
453.6,,,4/15/2014
449.89,,,4/16/2014
450.98,,,4/17/2014
451.11,,,4/22/2014
453.89,,,4/23/2014
451.47,,,4/24/2014
450.59,,,4/25/2014
450.96,,,4/28/2014
451.46,,,4/29/2014
450.22,,,4/30/2014
451.21,,,5/2/2014
449.71,,,5/5/2014
449.02,,,5/6/2014
455.07,,,5/7/2014
453.52,,,5/8/2014
454.37,,,5/9/2014
461.01,,,5/12/2014
462.21,,,5/13/2014
461.92,,,5/14/2014
458.41,,,5/15/2014
460.25,,,5/16/2014
461.76,,,5/19/2014
463.32,,,5/20/2014
460.48,,,5/21/2014
452.8,,,5/22/2014
453.56,,,5/23/2014
454.67,,,5/26/2014
451.74,,,5/27/2014
452.87,,,5/28/2014
461.2,,,5/30/2014
464.75,,,6/2/2014
470.3,,,6/3/2014
471.79,,,6/4/2014
471.32,,,6/5/2014
471.67,,,6/6/2014
470.43,,,6/9/2014
474.2,,,6/10/2014
472.97,,,6/11/2014
474.11,,,6/12/2014
473.34,,,6/13/2014
471.47,,,6/16/2014
467.35,,,6/17/2014
467.37,,,6/18/2014
466.91,,,6/19/2014
467.79,,,6/20/2014
470.64,,,6/23/2014
469.27,,,6/25/2014
470.55,,,6/26/2014
471.72,,,6/27/2014
471.95,,,6/30/2014
471.87,,,7/1/2014
472.41,,,7/2/2014
475.01,,,7/3/2014
476.56,,,7/4/2014
477.63,,,7/7/2014
476.22,,,7/8/2014
475.83,,,7/9/2014
475.11,,,7/10/2014
475,,,7/11/2014
474.68,,,7/14/2014
475.8,,,7/15/2014
475.32,,,7/16/2014
476.87,,,7/17/2014
476.27,,,7/18/2014
475.17,,,7/21/2014
474.44,,,7/22/2014
474.53,,,7/23/2014
472.81,,,7/24/2014
471.75,,,7/25/2014
472.65,,,7/28/2014
472.85,,,7/29/2014
473,,,7/30/2014
471.33,,,7/31/2014
471.42,,,8/1/2014
469.58,,,8/4/2014
469.12,,,8/5/2014
467.98,,,8/6/2014
457.15,,,8/7/2014
449.96,,,8/8/2014
457.74,,,8/11/2014
459.62,,,8/12/2014
460.09,,,8/13/2014
456.6,,,8/14/2014
457.2,,,8/18/2014
457.01,,,8/19/2014
457.55,,,8/20/2014
459.43,,,8/21/2014
458.71,,,8/22/2014
455.11,,,8/25/2014
455.86,,,8/26/2014
456.76,,,8/27/2014
456.78,,,8/28/2014
455.93,,,8/29/2014
455.43,,,9/1/2014
455.98,,,9/2/2014
457.2,,,9/3/2014
455.84,,,9/4/2014
457.05,,,9/5/2014
456.93,,,9/8/2014
456.83,,,9/9/2014
456.01,,,9/10/2014
455.26,,,9/11/2014
456.88,,,9/12/2014
456.45,,,9/15/2014
458.03,,,9/16/2014
458.65,,,9/17/2014
459.28,,,9/18/2014
458.29,,,9/19/2014
458.4,,,9/22/2014
458.44,,,9/23/2014
457.59,,,9/24/2014
456.82,,,9/25/2014
455.86,,,9/26/2014
455.52,,,9/29/2014
458.1,,,9/30/2014
458.01,,,10/1/2014
457.29,,,10/2/2014
458.09,,,10/3/2014
459.2,,,10/6/2014
459.73,,,10/7/2014
457.87,,,10/8/2014
458.36,,,10/9/2014
456.63,,,10/10/2014
455.63,,,10/13/2014
456.43,,,10/14/2014
455.66,,,10/15/2014
452.77,,,10/16/2014
452,,,10/17/2014
451.63,,,10/20/2014
451.86,,,10/21/2014
453.21,,,10/22/2014
450.99,,,10/23/2014
448.86,,,10/24/2014
449.42,,,10/27/2014
450.05,,,10/28/2014
450.44,,,10/29/2014
449.92,,,10/30/2014
451.35,,,10/31/2014
450.5,,,11/3/2014
449.82,,,11/4/2014
449.4,,,11/5/2014
449.3,,,11/6/2014
450.25,,,11/7/2014
450.51,,,11/10/2014
450.16,,,11/11/2014
450.13,,,11/12/2014
449.67,,,11/13/2014
452.22,,,11/14/2014
450.95,,,11/17/2014
452.28,,,11/18/2014
451.93,,,11/19/2014
452.61,,,11/20/2014
451.56,,,11/21/2014
451.05,,,11/24/2014
453.93,,,11/25/2014
461.91,,,11/26/2014
456.57,,,11/27/2014
458.92,,,11/28/2014
457.99,,,12/1/2014
456.89,,,12/2/2014
454.37,,,12/3/2014
458.36,,,12/4/2014
456.69,,,12/5/2014
456.4,,,12/8/2014
455.09,,,12/9/2014
455.07,,,12/10/2014
457.89,,,12/11/2014
453.74,,,12/12/2014
458.34,,,12/15/2014
455.21,,,12/16/2014
452,,,12/17/2014
451.8,,,12/18/2014
454.73,,,12/22/2014
453.65,,,12/23/2014
452.47,,,12/29/2014
452.42,,,12/30/2014
454.17,,,1/2/2015
455.69,,,1/5/2015
456.67,,,1/6/2015
459.1,,,1/7/2015
459.77,,,1/8/2015
460.64,,,1/9/2015
460.57,,,1/12/2015
457.75,,,1/13/2015
457.77,,,1/14/2015
457.77,,,1/15/2015
459.79,,,1/16/2015
460.9,,,1/19/2015
460.7,,,1/20/2015
461.19,,,1/21/2015
464.41,,,1/22/2015
463.62,,,1/23/2015
463.75,,,1/26/2015
458.94,,,1/27/2015
458.45,,,1/28/2015
465.07,,,1/29/2015
464.11,,,1/30/2015
464.51,,,2/2/2015
465.26,,,2/3/2015
465.97,,,2/4/2015
471.22,,,2/5/2015
470.24,,,2/6/2015
470.04,,,2/9/2015
470.42,,,2/10/2015
470.66,,,2/11/2015
472.92,,,2/12/2015
473.49,,,2/13/2015
473.3,,,2/17/2015
474.53,,,2/18/2015
474.45,,,2/19/2015
477.42,,,2/20/2015
480.02,,,2/23/2015
481.67,,,2/24/2015
480.39,,,2/25/2015
480.25,,,2/26/2015
481.52,,,2/27/2015
484.52,,,3/2/2015
482.35,,,3/3/2015
482.95,,,3/4/2015
483.22,,,3/5/2015
484.04,,,3/6/2015
481.62,,,3/9/2015
484.94,,,3/10/2015
484.36,,,3/12/2015
485.76,,,3/13/2015
486.95,,,3/16/2015
489.61,,,3/17/2015
490.65,,,3/18/2015
489.67,,,3/19/2015
491.05,,,3/20/2015
490.35,,,3/23/2015
492.01,,,3/24/2015
492.44,,,3/25/2015
492.96,,,3/26/2015
493.06,,,3/27/2015
491.72,,,3/30/2015
493.21,,,3/31/2015
493.4,,,4/1/2015
495.68,,,4/2/2015
498.66,,,4/7/2015
499.29,,,4/8/2015
496.62,,,4/9/2015
497.5,,,4/10/2015
497.53,,,4/13/2015
497.65,,,4/14/2015
494.71,,,4/15/2015
495.29,,,4/16/2015
494.07,,,4/17/2015
492.94,,,4/20/2015
491.99,,,4/21/2015
493.99,,,4/22/2015
498.82,,,4/23/2015
498.92,,,4/24/2015
496.77,,,4/27/2015
494.63,,,4/28/2015
493.67,,,4/29/2015
494.49,,,4/30/2015
494.08,,,5/4/2015
492.26,,,5/5/2015
493.46,,,5/6/2015
490.25,,,5/7/2015
489.53,,,5/8/2015
490.17,,,5/11/2015
490.04,,,5/12/2015
495.72,,,5/13/2015
495.69,,,5/15/2015
497.26,,,5/18/2015
498.93,,,5/19/2015
499.63,,,5/20/2015
497.22,,,5/21/2015
497.22,,,5/22/2015
497.13,,,5/25/2015
497.48,,,5/26/2015
498.82,,,5/27/2015
501.83,,,5/28/2015
501.62,,,5/29/2015
501.22,,,6/1/2015
503.77,,,6/2/2015
502.26,,,6/3/2015
501.95,,,6/4/2015
500.38,,,6/5/2015
499.27,,,6/8/2015
498.08,,,6/9/2015
498.58,,,6/10/2015
500.31,,,6/11/2015
501.1,,,6/12/2015
499.39,,,6/15/2015
500.06,,,6/16/2015
501.57,,,6/17/2015
496.89,,,6/18/2015
497.53,,,6/19/2015
498.75,,,6/22/2015
495.43,,,6/23/2015
497.96,,,6/25/2015
501.2,,,6/26/2015
497.54,,,6/29/2015
497.46,,,6/30/2015
496.13,,,7/1/2015
498.6,,,7/2/2015
498.4,,,7/3/2015
497.48,,,7/7/2015
494.3,,,7/8/2015
494.67,,,7/9/2015
495.4,,,7/10/2015
500.85,,,7/13/2015
500.66,,,7/14/2015
502.62,,,7/15/2015
504.29,,,7/16/2015
502.53,,,7/17/2015
503.4,,,7/20/2015
500.83,,,7/21/2015
502.16,,,7/22/2015
500.03,,,7/23/2015
498.96,,,7/24/2015
497.43,,,7/27/2015
499.34,,,7/28/2015
499.13,,,7/29/2015
499.57,,,7/30/2015
500.58,,,7/31/2015
500.24,,,8/3/2015
499.54,,,8/4/2015
501.05,,,8/5/2015
501.71,,,8/6/2015
497.47,,,8/7/2015
498.3,,,8/10/2015
497.27,,,8/11/2015
497.63,,,8/12/2015
495.73,,,8/13/2015
497.19,,,8/14/2015
498.28,,,8/17/2015
497.56,,,8/18/2015
498.4,,,8/19/2015
496.34,,,8/20/2015
495.11,,,8/21/2015
478.47,,,8/24/2015
483.14,,,8/25/2015
484.52,,,8/26/2015
488.49,,,8/27/2015
490.61,,,8/28/2015
490.92,,,8/31/2015
485.3,,,9/1/2015
486.44,,,9/2/2015
487.21,,,9/3/2015
485.91,,,9/4/2015
486.96,,,9/7/2015
484.29,,,9/8/2015
486.74,,,9/9/2015
487.31,,,9/10/2015
487.41,,,9/11/2015
485.91,,,9/14/2015
486.07,,,9/15/2015
487.59,,,9/16/2015
486.72,,,9/17/2015
487.44,,,9/18/2015
486.42,,,9/21/2015
485.58,,,9/22/2015
485.16,,,9/23/2015
483.69,,,9/24/2015
483.09,,,9/25/2015
481.61,,,9/28/2015
478.14,,,9/29/2015
479.82,,,9/30/2015
481.71,,,10/1/2015
483.48,,,10/2/2015
481.69,,,10/5/2015
485.4,,,10/6/2015
482.5,,,10/7/2015
482.28,,,10/8/2015
482.62,,,10/9/2015
481.96,,,10/12/2015
480.18,,,10/13/2015
480.7,,,10/14/2015
482.38,,,10/15/2015
482.06,,,10/16/2015
481.43,,,10/19/2015
481.95,,,10/20/2015
483.27,,,10/21/2015
484.4,,,10/22/2015
482.68,,,10/23/2015
483.13,,,10/26/2015
479.46,,,10/27/2015
479.13,,,10/28/2015
479.42,,,10/29/2015
478.59,,,10/30/2015
480,,,11/2/2015
481.42,,,11/3/2015
478.55,,,11/4/2015
478.39,,,11/5/2015
481.02,,,11/6/2015
482.24,,,11/9/2015
479.92,,,11/10/2015
480.74,,,11/11/2015
480.14,,,11/12/2015
483.52,,,11/13/2015
481.82,,,11/16/2015
481.41,,,11/17/2015
483.46,,,11/18/2015
484.3,,,11/19/2015
485.54,,,11/20/2015
484.61,,,11/23/2015
484.51,,,11/24/2015
483.82,,,11/25/2015
484.12,,,11/26/2015
485.39,,,11/27/2015
482.78,,,11/30/2015
486.94,,,12/1/2015
487.1,,,12/2/2015
485.49,,,12/3/2015
487.77,,,12/4/2015
486.27,,,12/7/2015
485.61,,,12/8/2015
483.46,,,12/9/2015
485.21,,,12/10/2015
483.67,,,12/11/2015
481.65,,,12/14/2015
481.43,,,12/15/2015
483.26,,,12/16/2015
482.36,,,12/17/2015
483.21,,,12/18/2015
482.86,,,12/21/2015
482.39,,,12/22/2015
483.02,,,12/23/2015
482.74,,,12/28/2015
483.07,,,12/29/2015
485.99,,,12/30/2015
485.46,,,1/4/2016
487.36,,,1/5/2016
488.99,,,1/6/2016
483.37,,,1/7/2016
486.99,,,1/8/2016
486.97,,,1/11/2016
486.51,,,1/12/2016
488.88,,,1/13/2016
485.81,,,1/14/2016
488,,,1/15/2016
483.67,,,1/18/2016
484.04,,,1/19/2016
482.04,,,1/20/2016
479.98,,,1/21/2016
480.62,,,1/22/2016
481.09,,,1/25/2016
482.22,,,1/26/2016
483.18,,,1/27/2016
483.13,,,1/28/2016
487.87,,,1/29/2016
485.23,,,2/1/2016
484.59,,,2/2/2016
486.62,,,2/3/2016
487.37,,,2/4/2016
486.91,,,2/5/2016
486.65,,,2/8/2016
484.38,,,2/9/2016
485.13,,,2/10/2016
484.42,,,2/11/2016
482.52,,,2/12/2016
483.2,,,2/15/2016
482.71,,,2/17/2016
484.28,,,2/18/2016
482.86,,,2/19/2016
481.72,,,2/22/2016
482.12,,,2/23/2016
484.53,,,2/24/2016
484.58,,,2/25/2016
488.64,,,2/26/2016
488.12,,,2/29/2016
488.26,,,3/1/2016
491.32,,,3/2/2016
490.98,,,3/3/2016
494.29,,,3/4/2016
497.14,,,3/7/2016
503.01,,,3/8/2016
499.61,,,3/9/2016
501.01,,,3/10/2016
502.7,,,3/14/2016
499.46,,,3/15/2016
501.65,,,3/16/2016
502.1,,,3/17/2016
502.41,,,3/18/2016
503.29,,,3/21/2016
504.3,,,3/22/2016
503.66,,,3/23/2016
507.08,,,3/24/2016
505.61,,,3/29/2016
505.45,,,3/30/2016
508.34,,,3/31/2016
501.01,,,4/1/2016
497.31,,,4/4/2016
492.8,,,4/5/2016
493.5,,,4/6/2016
494.69,,,4/7/2016
495.24,,,4/8/2016
493.53,,,4/11/2016
493.97,,,4/12/2016
497.45,,,4/13/2016
496.55,,,4/14/2016
499.46,,,4/15/2016
498.84,,,4/18/2016
503.68,,,4/19/2016
502.32,,,4/20/2016
501.71,,,4/21/2016
501.12,,,4/22/2016
499.98,,,4/25/2016
502.29,,,4/26/2016
503.52,,,4/27/2016
503.85,,,4/28/2016
503.17,,,4/29/2016
505.83,,,5/2/2016
507.82,,,5/3/2016
507.27,,,5/4/2016
507.67,,,5/6/2016
511.34,,,5/9/2016
509.5,,,5/10/2016
511.47,,,5/11/2016
511.79,,,5/12/2016
512.57,,,5/13/2016
509.17,,,5/16/2016
507.27,,,5/17/2016
508.74,,,5/18/2016
508.83,,,5/19/2016
513.5,,,5/20/2016
513.71,,,5/23/2016
515.39,,,5/24/2016
515.46,,,5/25/2016
515.74,,,5/26/2016
517.15,,,5/27/2016
517.95,,,5/30/2016
515.27,,,5/31/2016
513.97,,,6/1/2016
515.13,,,6/2/2016
515.62,,,6/3/2016
514.43,,,6/6/2016
513.66,,,6/7/2016
510.76,,,6/8/2016
511.2,,,6/9/2016
511.62,,,6/10/2016
510.83,,,6/13/2016
511.49,,,6/14/2016
511.43,,,6/15/2016
507.19,,,6/16/2016
508.44,,,6/17/2016
509.53,,,6/20/2016
509.71,,,6/21/2016
509.58,,,6/22/2016
